bid,name,pattern,subPattern,expected,got,delta,deltaAbs
1178,entelecheia 4K Another Lv.30,stamina,Unsigned,6.37,,,
1179,entelecheia 4K Hyper Lv.23,tech,Unsigned,4.06,,,
1266,Shoujo Gensou ~Necro-Fantasy 4K MX Lv.25,stamina,Unsigned,4.75,,,
1352,Oboro 4K NM Lv.15,tech,Unsigned,1.03,,,
2185,Ushiyo 4K Lv.4,tech,Unsigned,-1.74,,,
2755,FUNKY SUMMER BEACH 4K EXTREME LV.25,stamina,Unsigned,4.75,,,
2756,FUNKY SUMMER BEACH 4K ADVANCED LV.15,stamina,Unsigned,1.03,,,
2891,Let Me Hear 4K HD Lv.11,tech,Unsigned,-0.4,,,
3008,Beyond the Horizon 4K MX Lv26,stamina,Unsigned,4.75,,,
3036,Yuriya 4K Another LV.28,stamina,Unsigned,5.75,,,
3166,KAGACHI victorica vs biemote's 4K Hard Lv.17,speed,Unsigned,2.11,,,
3167,KAGACHI victorica's 4K ExTrA Lv.27,stamina,Unsigned,5.75,,,
3346,Ichidodake no Koinara 4K MX Lv.24,stamina,Unsigned,4.75,,,
3355,Unmeiron 4K Another LV.27,tech,Unsigned,5.75,,,
3361,Unmeiron 4K Normal LV.7,tech,Unsigned,-1.16,,,
3386,Yuriya 4K Normal LV.9,tech,Unsigned,-0.78,,,
3405,Yuriya 4K Tree New Bee Lv.27,stamina,Unsigned,5.75,,,
3690,Gekkou Ranbu Spy's 4K GRAVITY Lv.27,stamina,Unsigned,5.75,,,
3691,Gekkou Ranbu Spy's 4K INFINITE Lv.22,stamina,Unsigned,3.41,,,
3692,Gekkou Ranbu KK's 4K EXHAUST Lv.17,stamina,Unsigned,2.11,,,
4496,HAELEQUIN 4K MX Lv. 30,speed,Unsigned,6.37,,,
4569,HAELEQUIN 4K HD Lv.19,tech,Unsigned,3.18,,,
4731,Kanojo no Kiyouku 4K Lv.5,tech,Unsigned,-1.54,,,
4825,Kara no Shoujo 4K Easy Lv.5,tech,Unsigned,-1.54,,,
5081,Black Lotus 4K Collab Black Another Lv.31,stamina,Unsigned,7.75,,,
5172,Megaburn cosran's 4K Insane Lv.24,stamina,Unsigned,4.75,,,
5174,Megaburn 4K Extra Lv.29,stamina,Unsigned,5.8,,,
5252,Waltz in G Minor No.17 Valse du grand chien 4K Another Lv.31,tech,Unsigned,7.75,,,
5253,Waltz in G Minor No.17 Valse du grand chien 4K Hyper Lv.24,tech,Unsigned,4.75,,,
5254,Waltz in G Minor No.17 Valse du grand chien 4K Normal Lv.15,tech,Unsigned,1.03,,,
5255,Waltz in G Minor No.17 Valse du grand chien 4K Beginner Lv.6,tech,Unsigned,-1.35,,,
5388,Dokkin summer aventure 4K Dokkin Lv.27,stamina,Unsigned,5.75,,,
5389,Dokkin summer aventure 4K Hyper Lv.20,stamina,Unsigned,3.25,,,
5463,Sachinaru Senritsu -the solitary melody- 4K Apple vs. Xingyao's Hyper Lv.19,speed,Unsigned,3.18,,,
5464,Sachinaru Senritsu -the solitary melody- 4K Apyother Lv.30,speed,Unsigned,6.37,,,
5647,"Proposed,Flower,Wolf 4K Proposed Lv.13",tech,Unsigned,-0.02,,,
5821,Megaburn 4K Hard Lv.18,speed,Unsigned,2.64,,,
5890,Black Lotus 4K Hard Lv.21,speed,Unsigned,3.25,,,
5977,X 4K Normal Lv.9,tech,Unsigned,-0.78,,,
5978,X 4K Another Lv.27,stamina,Unsigned,5.75,,,
5979,X 4K Hyper Lv.18,tech,Unsigned,2.64,,,
6015,Alpha Omega 4K EXHAUST Lv.31,stamina,Unsigned,7.75,,,
6093,IKAROS 4K Another Lv.27,stamina,Unsigned,5.75,,,
6100,Night 4K Lv.5,tech,Unsigned,-1.54,,,
6349,Hemisphere 4K HARD Lv.18,tech,Unsigned,2.64,,,
6358,Rebellio 4K Medium Lv.18,tech,Unsigned,2.64,,,
6360,Rebellio 4K Apple's Special Lv.30,stamina,Unsigned,6.37,,,
6366,Rebellio 4K Apple vs. Stan's Maximum Lv.31,stamina,Unsigned,7.75,,,
6387,Chinese Restaurant 4K Hard Lv.21,stamina,Unsigned,3.25,,,
6425,Sigmund 4K Another Lv.31,speed,Unsigned,7.75,,,
6438,Sigmund 4K Hyper Lv.19,tech,Unsigned,3.18,,,
6502,Sigmund 4K Spy's Leggendaria Lv.32,stamina,Unsigned,7.75,,,
6547,Megalara Garuda 4K Extreme Lv.31,speed,Unsigned,7.75,,,
6736,Engine 4K Insane Lv.28,stamina,Unsigned,5.75,,,
6775,Urara 4K Another Lv.26,tech,Unsigned,4.75,,,
6776,Urara 4K Hyper Lv.17,tech,Unsigned,2.11,,,
6843,iLLness LiLin 4K Exhaust Lv.27,tech,Unsigned,5.75,,,
6879,Chrono Diver -PENDULUMs- 4K Another Lv.28,tech,Unsigned,5.75,,,
6930,OVERSOUL 4K MAXIMUM Lv.29,stamina,Unsigned,5.8,,,
6941,Dream to Nightmare 4K MX Lv.30,stamina,Unsigned,6.37,,,
6942,Dream to Nightmare 4K SHD Lv.34,jack,Unsigned,7.93,,,
7051,Youkoso JAPARI Park e 4K JAPARIPA! Lv.27,stamina,Unsigned,5.75,,,
7122,Rock It 4K Advanced Lv.18,tech,Unsigned,2.64,,,
7123,Rock It 4K Hyper Lv.24,speed,Unsigned,4.75,,,
7124,Rock It 4K Another Lv.28,tech,Unsigned,5.75,,,
7227,DRG 4K Hard Lv.15,tech,Unsigned,1.03,,,
7262,HE4VEN ～Tengoku e youkoso～ 4K EXHAUST Lv.23,tech,Unsigned,4.06,,,
7263,HE4VEN ～Tengoku e youkoso～ 4K MAXIMUM Lv.31,tech,Unsigned,7.75,,,
7339,Fox4-Raize- 4K EXH4UST Lv.28,jack,Unsigned,5.75,,,
7401,cyanine 4K Expert Lv.32,speed,Unsigned,7.75,,,
7445,C18H27NO3 4K MX Lv.29,stamina,Unsigned,5.8,,,
7459,DRG 4K Advanced Lv.20,speed,Unsigned,3.25,,,
7654,絶対零度 4K GRAVITY Lv.28,speed,Unsigned,5.75,,,
7905,Zettaireido 4K EXHAUST Lv.24,speed,Unsigned,4.75,,,
7908,Destroy 4K ADVANCED Lv.20,speed,Unsigned,3.25,,,
7972,chi-dan 4K HD Lv.22,tech,Unsigned,3.41,,,
7990,Cross The Finish Line 4K HD Lv.23,stamina,Unsigned,4.06,,,
7991,Cross The Finish Line 4K MX Lv.30,stamina,Unsigned,6.37,,,
8013,"Blind Justice ~Torn souls, Hurt Faiths~ 4K Another Lv.28",stamina,Unsigned,5.75,,,
8014,"Blind Justice ~Torn souls, Hurt Faiths~ 4K Hyper Lv.17",tech,Unsigned,2.11,,,
8015,"Blind Justice ~Torn souls, Hurt Faiths~ 4K Normal Lv.9",tech,Unsigned,-0.78,,,
8042,chi-dan 4K SC Lv.31,speed,Unsigned,7.75,,,
8133,OVERSOUL 4K EXHAUST Lv.23,speed,Unsigned,4.06,,,
8213,Aragami 4K Insane Lv.32,speed,Unsigned,7.75,,,
8240,Air 4K Airborne Lv.25,stamina,Unsigned,4.75,,,
8391,Super Rush 4K Hyper Lv.18,speed,Unsigned,2.64,,,
8402,Aragami 4K Another Lv.30,tech,Unsigned,6.37,,,
8430,Oblivion 4K SC Lv.26,stamina,Unsigned,4.75,,,
8457,Super Rush 4K Another Lv.26,speed,Unsigned,4.75,,,
8472,Fox4-Raize- 4K ADVAN4ED Lv.20,stamina,Unsigned,3.25,,,
8613,Androgynos ver.A 4K Ultra Lv.29,stamina,Unsigned,5.8,,,
8709,Re_End of a Dream 4K Hyper Lv.21,tech,Unsigned,3.25,,,
8710,Re_End of a Dream 4K Another Lv.29,speed,Unsigned,5.8,,,
8712,Re_End of a Dream 4K Extra Lv.31,stamina,Unsigned,7.75,,,
8714,Re_End of a Dream 4K Re_start! Lv.32,stamina,Unsigned,7.75,,,
8737,PUNISHER 4K Another Lv.29,jack,Unsigned,5.8,,,
8738,PUNISHER 4K Hyper Lv.23,tech,Unsigned,4.06,,,
8739,PUNISHER 4K Normal Lv.18,speed,Unsigned,2.64,,,
8740,PUNISHER 4K Beginner Lv.10,tech,Unsigned,-0.59,,,
8748,Masakari Blade 4K EXHAUST Lv.25,stamina,Unsigned,4.75,,,
8758,Double Agent 4K Extend Lv.25,stamina,Unsigned,4.75,,,
8950,Lachryma《Re_Queen’M》 4K GRAVITY Lv.34,speed,Unsigned,7.93,,,
8953,Lachryma《Re_Queen’M》 4K EXHAUST Lv.25,tech,Unsigned,4.75,,,
8955,DIABLOSIS__Naga 4K ADVANCED Lv.19,tech,Unsigned,3.18,,,
8956,DIABLOSIS__Naga 4K EXHAUST Lv.27,stamina,Unsigned,5.75,,,
8957,DIABLOSIS__Naga 4K GRAVITY Lv.30,stamina,Unsigned,6.37,,,
8971,Wicked Fate 4K Normal Lv.7,tech,Unsigned,-1.16,,,
8978,Wicked Fate 4K Hard Lv.15,tech,Unsigned,1.03,,,
8979,Legend 4K SHD Lv.27,speed,Unsigned,5.75,,,
8982,BOUNCE THE TECH 4K Leggendaria Lv.26,stamina,Unsigned,4.75,,,
9001,Dement ~After Legend~ 4K Legendary again Lv.31,stamina,Unsigned,7.75,,,
9270,VitMaster 4K Evasion Lv.27,stamina,Unsigned,5.75,,,
9305,VitMaster 4K Hard Lv.13,tech,Unsigned,-0.02,,,
9307,VitMaster 4K Advanced Lv.21,stamina,Unsigned,3.25,,,
9309,VitMaster 4K Normal Lv.5,tech,Unsigned,-1.54,,,
9331,Persephone 4K GIGA Lv.28,speed,Unsigned,5.75,,,
9413,Peace Sign 4K EZ Lv.9,tech,Unsigned,-0.78,,,
9481,BroGamer 4K Leggendaria Lv.27,jack,Unsigned,5.75,,,
9564,Bangin' Burst 4K INFINITE Lv.31,stamina,Unsigned,7.75,,,
9568,Bangin' Burst 4K EXHAUST Lv.27,stamina,Unsigned,5.75,,,
9609,PUPA 4K Advanced Lv.22,stamina,Unsigned,3.41,,,
9612,PUPA 4K Metamorphosis Lv.29,stamina,Unsigned,5.8,,,
9721,FIN4LE ~shuushihen no kanata e~ 4K INFINITE Lv.31,tech,Unsigned,7.75,,,
9740,WHITEOUT 4K HEAVENLY Lv.31,speed,Unsigned,7.75,,,
9780,Far East Princess 4K MX Lv.17,speed,Unsigned,2.11,,,
9820,NEO TREASON 4K ADVANCED Lv.23,tech,Unsigned,4.06,,,
9822,NEO TREASON 4K EXHAUST Lv.27,tech,Unsigned,5.75,,,
9823,NEO TREASON 4K GRAVITY Lv.30,speed,Unsigned,6.37,,,
9867,Landscape 4K NM Lv.6,tech,Unsigned,-1.35,,,
9948,IX 4K SPECIAL Lv.28,stamina,Unsigned,5.75,,,
9949,IX 4K Hard Lv.24,tech,Unsigned,4.75,,,
10117,Rebellio 4K ExTrA Lv.31,speed,Unsigned,7.75,,,
10138,Panic! Pop'n! Picnic! 4K EX Picnic Lv.23,stamina,Unsigned,4.06,,,
10285,Dream of Winds 4K HD Lv.20,speed,Unsigned,3.25,,,
10343,Landscape 4K Secret(1) Lv.21,tech,Unsigned,3.25,,,
10344,Landscape 4K Secret(3) Lv.21,stamina,Unsigned,3.25,,,
10360,Dyscontrolled Galaxy 4K MAXIMUM Lv.30,stamina,Unsigned,6.37,,,
10506,Dream of Winds 4K NM Lv.13,tech,Unsigned,-0.02,,,
10514,Dyscontrolled Galaxy 4K EXHAUST Lv.23,tech,Unsigned,4.06,,,
10520,Chronostasis 4K Future Lv.30,stamina,Unsigned,6.37,,,
10521,Dyscontrolled Galaxy 4K ADVANCED Lv.15,tech,Unsigned,1.03,,,
10522,Dyscontrolled Galaxy 4K NOVICE Lv.8,tech,Unsigned,-0.97,,,
10636,Close the World feat.a ru 4K Another Lv.25,stamina,Unsigned,4.75,,,
10637,Close the World feat.a ru 4K Hyper Lv.19,tech,Unsigned,3.18,,,
10638,Close the World feat.a ru 4K Normal Lv.6,tech,Unsigned,-1.35,,,
10706,ULTRA B+K 4K MX Lv.23,jack,Unsigned,4.06,,,
10707,ULTRA B+K 4K HD Lv.16,stamina,Unsigned,1.57,,,
10822,Kami-iro Awase 4K Despair Lv.17,tech,Unsigned,2.11,,,
10823,Kami-iro Awase 4K Hope Lv.7,tech,Unsigned,-1.16,,,
10997,KAC 2012 ULTIMATE MEDLEY -HISTORIA SOUND VOLTEX- 4K ADVANCED Lv.17,speed,Unsigned,2.11,,,
10998,KAC 2012 ULTIMATE MEDLEY -HISTORIA SOUND VOLTEX- 4K EXHAUST Lv.23,tech,Unsigned,4.06,,,
11000,KAC 2012 ULTIMATE MEDLEY -HISTORIA SOUND VOLTEX- 4K GRAVITY Lv.29,stamina,Unsigned,5.8,,,
11001,KAC 2012 ULTIMATE MEDLEY -HISTORIA SOUND VOLTEX- 4K INFINITE Lv.27,stamina,Unsigned,5.75,,,
11006,Tenku no Hana 4K EXPERT Lv.23,stamina,Unsigned,4.06,,,
11007,Tenku no Hana 4K EXTREME Lv.26,stamina,Unsigned,4.75,,,
11014,Enigma 4K EXHAUST Lv.26,tech,Unsigned,4.75,,,
11212,Enigma 4K MAXIMUM Lv.29,tech,Unsigned,5.8,,,
11492,Exit This Earth's Atomosphere 4K MX Lv.25,speed,Unsigned,4.75,,,
11493,Exit This Earth's Atomosphere 4K SC Lv.28,tech,Unsigned,5.75,,,
11494,Exit This Earth's Atomosphere 4K SHD Lv.31,speed,Unsigned,7.75,,,
11622,HEAVENLY MOON 4K ADVANCED Lv.20,speed,Unsigned,3.25,,,
11623,HEAVENLY MOON 4K EXTREME Lv.26,stamina,Unsigned,4.75,,,
11845,Halloween Party 4K Hard Lv.18,stamina,Unsigned,2.64,,,
11846,Halloween Party 4K Jack-o'-lantern Lv.24,stamina,Unsigned,4.75,,,
11861,Mopemope 4K Another Lv.24,speed,Unsigned,4.75,,,
11863,Mopemope 4K Normal Lv.3,tech,Unsigned,-1.93,,,
11932,Gott 4K MAXIMUM Lv.27,stamina,Unsigned,5.75,,,
12068,Gott 4K ADVANCED Lv.20,stamina,Unsigned,3.25,,,
12163,Gott 4K INFINITE Lv.30,stamina,Unsigned,6.37,,,
12194,Thor 4K Signature Lv.24,speed,Unsigned,4.75,,,
12195,Thor 4K Premium Lv.16,speed,Unsigned,1.57,,,
12516,I Want You 4K HD mix Lv.19,stamina,Unsigned,3.18,,,
12517,I Want You 4K XeoN RD mix Lv.14,stamina,Unsigned,0.49,,,
12566,GERBERA 4K EXHAUST Lv.28,stamina,Unsigned,5.75,,,
12696,黎明スケッチブック 4K EXHAUST Lv.23,stamina,Unsigned,4.06,,,
12798,WHITEOUT 4K EXHAUST Lv.27,tech,Unsigned,5.75,,,
12839,2 MINUTES FIGHTERS 4K MAXIMUM Lv.29,stamina,Unsigned,5.8,,,
13016,2 MINUTES FIGHTERS 4K EXHAUST Lv.24,stamina,Unsigned,4.75,,,
13103,2 MINUTES FIGHTERS 4K ZEDVANCED Lv.17,tech,Unsigned,2.11,,,
13141,GERBERA 4K ADVANCED Lv.23,stamina,Unsigned,4.06,,,
13145,PARADISE LOST 4K Hyper Lv.21,speed,Unsigned,3.25,,,
13146,PARADISE LOST 4K Another Lv.26,speed,Unsigned,4.75,,,
13147,PARADISE LOST 4K Black Another Lv.28,stamina,Unsigned,5.75,,,
13223,Hypernova 4K Hyper Lv.21,speed,Unsigned,3.25,,,
13225,Hypernova 4K Another Lv.27,tech,Unsigned,5.75,,,
13236,BLACK or WHITE_ 4K EXHAUST Lv.28,tech,Unsigned,5.75,,,
13867,Berry Go!! 4K Another Lv.27,stamina,Unsigned,5.75,,,
13870,iNSPiRED 4K Hard Lv.22,tech,Unsigned,3.41,,,
13871,iNSPiRED 4K Another Lv.28,jack,Unsigned,5.75,,,
14095,MEGANTO METEOR 4K Another Lv.27,jack,Unsigned,5.75,,,
14096,MEGANTO METEOR 4K Hyper Lv.18,tech,Unsigned,2.64,,,
14119,TSLove 4K MX Lv.27,stamina,Unsigned,5.75,,,
14182,GOODRAGE 4K Hard Lv.24,stamina,Unsigned,4.75,,,
15183,Calamity Fortune 4K Another Lv.29,stamina,Unsigned,5.8,,,
15261,GOODTEK 4K Hard Lv.27,stamina,Unsigned,5.75,,,
15523,FIN4LE ~Shushisen no Kanata e~ 4K ADVANCED Lv.20,tech,Unsigned,3.25,,,
15524,FIN4LE ~Shushisen no Kanata e~ 4K EXHAUST Lv.27,stamina,Unsigned,5.75,,,
15547,DIAVOLO 4K Another Lv.27,tech,Unsigned,5.75,,,
15548,DIAVOLO 4K Hyper Lv.22,tech,Unsigned,3.41,,,
15550,DIAVOLO 4K Normal Lv.17,tech,Unsigned,2.11,,,
16016,XROSS INFECTION 4K ADVANCED Lv.19,tech,Unsigned,3.18,,,
16018,XROSS INFECTION 4K INFINITE Lv.28,stamina,Unsigned,5.75,,,
16019,XROSS INFECTION 4K GRAVITY Lv.31,stamina,Unsigned,7.75,,,
16043,RE_UNION -Duo Blade Against- 4K RE_NDEZVOUS Lv.28,stamina,Unsigned,5.75,,,
16061,RE_UNION -Duo Blade Against- 4K Advanced Lv.23,stamina,Unsigned,4.06,,,
16062,RE_UNION -Duo Blade Against- 4K Hard Lv.16,speed,Unsigned,1.57,,,
16426,Keigann no Zettaireido 4K Hard Lv.19,tech,Unsigned,3.18,,,
16428,Keigann no Zettaireido 4K Giga Lv.30,stamina,Unsigned,6.37,,,
16439,Piano Concerto No.1 _Scream_ 4K A6 Lv.22,tech,Unsigned,3.41,,,
16440,Piano Concerto No.1 _Scream_ 4K A7 Lv.22,tech,Unsigned,3.41,,,
16442,Entrapment 4K B1 Lv.22,speed,Unsigned,3.41,,,
16599,Angel dust 4K Hard Lv.24,tech,Unsigned,4.75,,,
16600,無人区-Vacuum Track#ADD8E6- 4K Insane Lv.25,speed,Unsigned,4.75,,,
16769,スパイス 4K Shokugeki Lv.18,stamina,Unsigned,2.64,,,
16792,スパイス 4K Ryori Lv.4,tech,Unsigned,-1.74,,,
16794,スパイス 4K Kyokuseiryo Lv.13,stamina,Unsigned,-0.02,,,
17163,Latitude 4K Another Lv.24,stamina,Unsigned,4.75,,,
17304,Mujinku-Vacuum Track#ADD8E6- 4K Another Lv.23,tech,Unsigned,4.06,,,
17508,BEAT-NEW-WORLD 4K EXHAUST Lv.23,stamina,Unsigned,4.06,,,
17610,BEAT-NEW-WORLD 4K ADVANCED Lv.17,tech,Unsigned,2.11,,,
17641,BEAT-NEW-WORLD 4K NOVICE Lv.9,tech,Unsigned,-0.78,,,
19162,I 4K MAXIMUM Lv.33,stamina,Unsigned,7.75,,,
19193,GOODBOUNCE 4K Hard Lv.25,stamina,Unsigned,4.75,,,
19198,Royal Action 4K EXHAUST Lv.26,stamina,Unsigned,4.75,,,
19318,GOODBOUNCE 4K Normal Lv.15,tech,Unsigned,1.03,,,
19321,Midnight City Warfare 4K EXTREME Lv.25,stamina,Unsigned,4.75,,,
19341,Royal Action 4K ADVANCED Lv.19,tech,Unsigned,3.18,,,
19343,Grand Chariot 4K Another Lv.28,stamina,Unsigned,5.75,,,
19344,Grand Chariot 4K Hyper Lv.23,speed,Unsigned,4.06,,,
19592,I 4K ADVANCED Lv.20,speed,Unsigned,3.25,,,
19594,I 4K HEAVENLY Lv.30,speed,Unsigned,6.37,,,
19765,Morgenglut 4k Hyper Lv.23,speed,Unsigned,4.06,,,
19857,Midnight City Warfare 4K BASIC Lv.8,tech,Unsigned,-0.97,,,
19888,Hollywood Galaxy 4K SPECIAL Lv.26,speed,Unsigned,4.75,,,
19894,Cloud 9 4K ADVANCED Lv.18,stamina,Unsigned,2.64,,,
19895,Cloud 9 4K EXHAUST Lv.26,stamina,Unsigned,4.75,,,
20284,Applique 4K EXHAUST Lv.26,stamina,Unsigned,4.75,,,
20285,Applique 4K INFINITE Lv.30,stamina,Unsigned,6.37,,,
20360,ouroVoros 4k Another Lv.30,stamina,Unsigned,6.37,,,
20425,雪月夜 4K Special Lv.26,stamina,Unsigned,4.75,,,
20449,雪月夜 4K Hard Lv.22,stamina,Unsigned,3.41,,,
20509,雪月夜 4K Medium Lv.17,speed,Unsigned,2.11,,,
20563,ouroVoros 4k Hard Lv.22,tech,Unsigned,3.41,,,
20700,Music is The Answer 4K Another Lv.14,stamina,Unsigned,0.49,,,
20701,Music is The Answer 4K Hyper Lv.10,tech,Unsigned,-0.59,,,
20702,Music is The Answer 4K Normal Lv.6,tech,Unsigned,-1.35,,,
21090,ホメ猫☆センセーション 4K ExTrA Lv.27,jack,Unsigned,5.75,,,
21091,ホメ猫☆センセーション 4K Insane Lv.25,stamina,Unsigned,4.75,,,
21092,ホメ猫☆センセーション 4K Hard Lv.18,stamina,Unsigned,2.64,,,
21097,Cirno's Perfect Math Class 9th Anniversary version 4K Hard Lv.19,stamina,Unsigned,3.18,,,
21098,Cirno's Perfect Math Class 9th Anniversary version 4K Baka Lv.23,stamina,Unsigned,4.06,,,
21108,take a step forward 4K HEAVENLY Lv.25,speed,Unsigned,4.75,,,
21109,take a step forward 4K EXHAUST Lv.24,speed,Unsigned,4.75,,,
21110,take a step forward 4K ADVANCED Lv.19,tech,Unsigned,3.18,,,
21319,Hollywood Galaxy 4K HARD Lv.20,speed,Unsigned,3.25,,,
21405,Tenkaranbu 4K EXTREME Lv.23,stamina,Unsigned,4.06,,,
21494,天嘩乱舞 4K ADVANCED Lv.16,stamina,Unsigned,1.57,,,
21523,Amazing Mirage 4K Hyper Lv.19,tech,Unsigned,3.18,,,
21524,Amazing Mirage 4K Another Lv.27,stamina,Unsigned,5.75,,,
21547,Last Resort 4K ADVANCED Lv.19,stamina,Unsigned,3.18,,,
21548,BroGamer 4K Hyper Lv.18,speed,Unsigned,2.64,,,
21595,Variance 4K MEGA Lv.25,stamina,Unsigned,4.75,,,
21596,Dream Coaster 4K HD Lv.26,stamina,Unsigned,4.75,,,
22357,Tenkaranbu 4K BASIC Lv.8,tech,Unsigned,-0.97,,,
23488,werewolf howls. 4K INFINITY Lv.31,stamina,Unsigned,7.75,,,
23503,GuNGNiR 4K Leggendaria Lv.33,stamina,Unsigned,7.75,,,
23505,GuNGNiR 4K Another Lv.28,stamina,Unsigned,5.75,,,
23506,GuNGNiR 4K Hyper Lv.25,tech,Unsigned,4.75,,,
23507,GuNGNiR 4K Normal Lv.17,tech,Unsigned,2.11,,,
23931,werewolf howls. 4K EXHAUST Lv.26,stamina,Unsigned,4.75,,,
23977,werewolf howls. 4K ADVANCED Lv.19,stamina,Unsigned,3.18,,,
24141,Variance 4K HARD Lv.18,stamina,Unsigned,2.64,,,
24380,glacia 4K SPECIAL Lv.26,stamina,Unsigned,4.75,,,
24440,Jyuunouseigou 4K Secret_3F Lv.23,stamina,Unsigned,4.06,,,
24939,Xronier 4K MAXIMUM Lv.32,stamina,Unsigned,7.75,,,
25032,DIAVOLO 4K EX Lv.33,tech,Unsigned,7.75,,,
25269,Imaginary World 4K MASTER Lv.26,stamina,Unsigned,4.75,,,
25394,Symphonic Love 4K Hyper Lv.12,speed,Unsigned,-0.21,,,
25395,Symphonic Love 4K Another Lv.18,stamina,Unsigned,2.64,,,
25593,Xronier 4K EXHAUST Lv.26,tech,Unsigned,4.75,,,
25802,Hitch Hiker 4K Hyper Lv.18,speed,Unsigned,2.64,,,
26160,SAY BAY 4K Another Lv.24,stamina,Unsigned,4.75,,,
26166,SAY BAY 4K Hyper Lv.17,tech,Unsigned,2.11,,,
26601,Angel dust 4K Extra Lv.28,speed,Unsigned,5.75,,,
27355,Helios 4K Another LV.20,stamina,Unsigned,3.25,,,
27356,Helios 4K Insane LV.27,jack,Unsigned,5.75,,,
27393,Express Emotion 4K Another Lv.21,stamina,Unsigned,3.25,,,
27534,Puppet Nightmare 4K MX Lv.24,stamina,Unsigned,4.75,,,
27540,上海紅茶館 ～ Chinese Tea Orchid Remix 4K EXHAUST Lv.26,stamina,Unsigned,4.75,,,
27883,TRICKL4SH 220 4K Trick or Treat Lv.18,stamina,Unsigned,2.64,,,
27962,TRICKL4SH 220 4K Halloween Twins Sisters Lv.28,stamina,Unsigned,5.75,,,
28107,More One Night (Assertive Hardcore Bootleg) 4K Exztra Lv.25,speed,Unsigned,4.75,,,
28153,More One Night (Assertive Hardcore Bootleg) 4K Hardz Lv.19,stamina,Unsigned,3.18,,,
30079,Mazare Party 4K Party!! Lv.26,stamina,Unsigned,4.75,,,
30286,Splatter Doll 4K Hard Lv.26,stamina,Unsigned,4.75,,,
30306,The Sampling Paradise 4K Another Lv.25,stamina,Unsigned,4.75,,,
30365,Lemuria 4K Hyperborea lv.25,stamina,Unsigned,4.75,,,
30408,The Sampling Paradise 4K Hyper Lv.19,tech,Unsigned,3.18,,,
30451,絶対よい子のエトセトラ 4K MX Lv.25,stamina,Unsigned,4.75,,,
30634,Lemuria 4K Mauritia lv.9,tech,Unsigned,-0.78,,,
31293,東方妖々夢 ULTIMATE MEDLEY 4K EXHAUST Lv.29,stamina,Unsigned,5.8,,,
31304,NEO GRAVITY 4K MAXIMUM Lv.29,jack,Unsigned,5.8,,,
31392,ENERGY SYNERGY MATRIX 4K Hyper Lv.18,stamina,Unsigned,2.64,,,
31393,ENERGY SYNERGY MATRIX 4K Another Lv.23,stamina,Unsigned,4.06,,,
31394,ENERGY SYNERGY MATRIX 4K Extra Lv.27,stamina,Unsigned,5.75,,,
31443,光射す澪のユズリハ 4K MAXIMUM Lv.28,jack,Unsigned,5.75,,,
31467,光射す澪のユズリハ 4K EXHAUST Lv.24,speed,Unsigned,4.75,,,
31636,MARENOL 4K Insane Lv.28,speed,Unsigned,5.75,,,
31962,Precious You 4K Hyper Lv.12,stamina,Unsigned,-0.21,,,
32013,Nyx -Fatal arousal of Madness- 4K Hard Lv.22,tech,Unsigned,3.41,,,
32614,Gravitation 4K Insane Lv.24,stamina,Unsigned,4.75,,,
32669,Teo Lamberti 4K HYPER Lv.22,tech,Unsigned,3.41,,,
33135,Fuyuujou-Living City#E6BBAD- 4K Another Lv.27,speed,Unsigned,5.75,,,
33274,NEO GRAVITY 4K EXHAUST Lv.26,stamina,Unsigned,4.75,,,
33453,Skyward 4K MASTER Lv.25,stamina,Unsigned,4.75,,,
33505,Skyward 4K HARD Lv.18,stamina,Unsigned,2.64,,,
33574,NINJA IS DEAD IIDX ver. 4K Black Another Lv.29,stamina,Unsigned,5.8,,,
33620,R.I.P. 4K Another Lv.25,speed,Unsigned,4.75,,,
33623,Flashdance 4K Another Lv.26,stamina,Unsigned,4.75,,,
33681,Horangpungnyuga 4K MX Lv.25,stamina,Unsigned,4.75,,,
33941,GOODWORLD 4K WORLDANOTHER Lv.27,stamina,Unsigned,5.75,,,
34725,東方妖々夢 ULTIMATE MEDLEY 4K ADVANCED Lv.22,stamina,Unsigned,3.41,,,
35900,Tsukikage SASURAI 4K 3A Lv.23,stamina,Unsigned,4.06,,,
35907,Heart Attack 4K Normal Lv.17,tech,Unsigned,2.11,,,
35908,Heart Attack 4K Hard Lv.23,stamina,Unsigned,4.06,,,
36221,Excalibur ~Revived resolution~ 4K MX Lv.26,stamina,Unsigned,4.75,,,
36295,Coquette 4K MX Lv.27,stamina,Unsigned,5.75,,,
36385,Coquette 4K HD Lv.20,tech,Unsigned,3.25,,,
36462,ΣmbryØ 4K MAXIMUM Lv.30,stamina,Unsigned,6.37,,,
36478,GOODRAGE 4K Insane Lv.29,stamina,Unsigned,5.8,,,
36597,BLUFF 4K Hard Lv.24,tech,Unsigned,4.75,,,
36630,チカっとチカ千花っ♡ 4K Normal Lv.13,stamina,Unsigned,-0.02,,,
36686,Adjudicatorz-断罪- 4K Hyper Lv.19,speed,Unsigned,3.18,,,
36706,GOODTEK(Hyper Edit) 4K MASTER Lv.28,stamina,Unsigned,5.75,,,
36714,粉骨砕身カジノゥ 4K HARD Lv.19,stamina,Unsigned,3.18,,,
36715,粉骨砕身カジノゥ 4K MASTER Lv.27,stamina,Unsigned,5.75,,,
36736,Daydream 4K Fantasy Lv.26,speed,Unsigned,4.75,,,
36853,Crocus 4K Easy Lv.4,speed,Unsigned,-1.74,,,
36854,Crocus 4K Normal Lv.13,tech,Unsigned,-0.02,,,
37163,Venomous Firefly 4K EXHAUST Lv.27,tech,Unsigned,5.75,,,
37182,Gift box 4K HARD Lv.18,tech,Unsigned,2.64,,,
37183,Gift box 4K MASTER Lv.27,stamina,Unsigned,5.75,,,
37190,天下トーイツ A to Z☆ 4K A to Z Lv.20,stamina,Unsigned,3.25,,,
37236,Miracle Hinacle 4K Another Lv.17,stamina,Unsigned,2.11,,,
37380,WE ARE HARDCORE 4K Insane Lv.27,stamina,Unsigned,5.75,,,
37381,WE ARE HARDCORE 4K Hard Lv.23,stamina,Unsigned,4.06,,,
37383,Higan Kikou-idling mix- 4K Another Lv.30,stamina,Unsigned,6.37,,,
37384,Higan Kikou-idling mix- 4K Hyper Lv.23,tech,Unsigned,4.06,,,
37584,rainbow 4K Colorful Lv.26,speed,Unsigned,4.75,,,
37783,Gigantic Saga 4K Maximum Lv.21,stamina,Unsigned,3.25,,,
37864,Pure Ruby 4K Lustre Lv.28,stamina,Unsigned,5.75,,,
37865,Crocus 4K Maximum Lv.21,speed,Unsigned,3.25,,,
38023,Mushrooms 4K Hard Lv.21,speed,Unsigned,3.25,,,
38034,Daydream 4K Maximum Lv.24,stamina,Unsigned,4.75,,,
38074,Absolute Domination 4K EXHAUST Lv.26,stamina,Unsigned,4.75,,,
38075,Absolute Domination 4K MAXIMUM Lv.32,stamina,Unsigned,7.75,,,
38103,Gone with the Beat 4K Maximum Lv.27,tech,Unsigned,5.75,,,
38135,Nyx -Fatal arousal of Madness- 4K Normal Lv.15,tech,Unsigned,1.03,,,
38322,Dynasty 4K EZ Lv.10,speed,Unsigned,-0.59,,,
38323,Dynasty 4K NM Lv.15,stamina,Unsigned,1.03,,,
38324,Dynasty 4K HD Lv.20,stamina,Unsigned,3.25,,,
38325,Dynasty 4K EX Lv.25,stamina,Unsigned,4.75,,,
38391,Surf Zapping 4K TECHNICAL Lv.27,stamina,Unsigned,5.75,,,
38437,Alexandrite 4K Hard Lv.23,tech,Unsigned,4.06,,,
38455,Surf Zapping 4K HARD Lv.19,stamina,Unsigned,3.18,,,
38464,Fuyuujou-Living City#E6BBAD- 4K Hyper Lv.23,stamina,Unsigned,4.06,,,
38470,Fuyuujou-Living City#E6BBAD- 4K Normal Lv.16,tech,Unsigned,1.57,,,
38516,冥 4K Another Lv.31,speed,Unsigned,7.75,,,
38619,ANiMA 4K Hard Lv.23,speed,Unsigned,4.06,,,
38620,ANiMA 4K Extra Lv.26,speed,Unsigned,4.75,,,
38686,Glitter Flatter Scatter 4K EXTREME Lv.28,stamina,Unsigned,5.75,,,
38687,Glitter Flatter Scatter 4K ADVANCED Lv.19,tech,Unsigned,3.18,,,
38919,Accident 4K Normal Lv.17,tech,Unsigned,2.11,,,
38939,冥 4K Easy Lv.8,tech,Unsigned,-0.97,,,
38978,冥 4K Hard Lv.21,speed,Unsigned,3.25,,,
38983,Reimei 4K Another Lv.25,stamina,Unsigned,4.75,,,
38984,Reimei 4K Hyper Lv.18,tech,Unsigned,2.64,,,
39020,Etude -Sunset- 4K Hyper Lv.19,speed,Unsigned,3.18,,,
39045,Rude Buster 4K Hard Lv.20,tech,Unsigned,3.25,,,
39129,snow storm -euphoria- 4K EXHAUST Lv.27,speed,Unsigned,5.75,,,
39197,天下トーイツ A to Z☆ 4K Easy Lv.6,speed,Unsigned,-1.35,,,
39211,Mazare Party 4K Another Lv.24,stamina,Unsigned,4.75,,,
39212,Mazare Party 4K Insane Lv.29,stamina,Unsigned,5.8,,,
39224,Firestorm 4K Hard Lv.22,speed,Unsigned,3.41,,,
39362,Rebellio 4K Ga.NOTHER Lv.32,jack,Unsigned,7.75,,,
39479,Nevermind 4K Hard Lv.25,tech,Unsigned,4.75,,,
39716,GOODWORLD 4K Hyper Lv.20,tech,Unsigned,3.25,,,
39730,Sterelogue 4K AlterEgo Lv.26,tech,Unsigned,4.75,,,
39737,ouroboros ‐twin stroke of the end‐ 4K Hard Lv.21,tech,Unsigned,3.25,,,
39738,ouroboros ‐twin stroke of the end‐ 4K Insane Lv.27,stamina,Unsigned,5.75,,,
39804,Rebellio 4K Yuzuki's Extra Lv.30,stamina,Unsigned,6.37,,,
39806,Imprinting 4K Normal Lv.16,tech,Unsigned,1.57,,,
39807,Imprinting 4K Hard Lv.24,stamina,Unsigned,4.75,,,
39909,Sterelogue 4K Hyper Lv.19,tech,Unsigned,3.18,,,
39939,Alexandrite 4K Normal Lv.19,tech,Unsigned,3.18,,,
39968,I'm so Happy 4K EXTREME Lv.26,stamina,Unsigned,4.75,,,
39969,I'm so Happy 4K BASIC Lv.8,tech,Unsigned,-0.97,,,
39970,I'm so Happy 4K ADVANCE Lv.18,stamina,Unsigned,2.64,,,
40020,GOODWORLD 4K GOODANOTHER Lv.25,stamina,Unsigned,4.75,,,
40111,Dreadnought 4K Another Lv.26,stamina,Unsigned,4.75,,,
40161,Absolute Future 4K Insane Lv.30,stamina,Unsigned,6.37,,,
40163,Absolute Future 4K Hard Lv.23,speed,Unsigned,4.06,,,
40310,Sterelogue 4K Another Lv.23,tech,Unsigned,4.06,,,
40333,WHITEOUT 4K EXHAUST Lv.22,speed,Unsigned,3.41,,,
40334,WHITEOUT 4K MAXIMUM Lv.27,stamina,Unsigned,5.75,,,
40355,FIRE BIRD 4K Yakitori Lv.22,stamina,Unsigned,3.41,,,
40751,REVOLVER 4K ADVANCED Lv.18,stamina,Unsigned,2.64,,,
40752,REVOLVER 4K EXHAUST Lv.29,stamina,Unsigned,5.8,,,
41271,ReviXy 4K Another Lv.28,stamina,Unsigned,5.75,,,
41379,More One Night (Assertive Hardcore Bootleg) 4K Extra Time (Long Ver.) Lv.24,stamina,Unsigned,4.75,,,
41380,More One Night (Assertive Hardcore Bootleg) 4K Last Tour (Long Ver.) Lv.27,stamina,Unsigned,5.75,,,
41394,Cryonix 4K Maximum Lv.26,speed,Unsigned,4.75,,,
41756,Palette 4K paper Lv.28,stamina,Unsigned,5.75,,,
41757,Palette 4K MX Lv.27,speed,Unsigned,5.75,,,
41758,Palette 4K HD Lv.18,tech,Unsigned,2.64,,,
41835,Bad Elixir 4K Black Another Lv.28,stamina,Unsigned,5.75,,,
41898,Vampired 4K Hard Lv.21,speed,Unsigned,3.25,,,
41972,Bad Elixir 4K Another Lv.24,tech,Unsigned,4.75,,,
42074,Calamity Fortune 4K Hyper Lv.19,stamina,Unsigned,3.18,,,
42270,Fly Like You 4K EXHAUST Lv.23,tech,Unsigned,4.06,,,
42271,Fly Like You 4K MAXIMUM Lv.28,tech,Unsigned,5.75,,,
42444,the EmpEror 4K Extra Lv.30,stamina,Unsigned,6.37,,,
42556,PANDORA PARADOXXX 4K Hard Lv.29,speed,Unsigned,5.8,,,
42690,Chronomia 4K Hard Lv.23,stamina,Unsigned,4.06,,,
42729,WE ARE HARDCORE 4K Another Lv.27,speed,Unsigned,5.75,,,
42830,Chronomia 4K Tick-Tock Lv.29,speed,Unsigned,5.8,,,
42852,The Mountain Eater 4K Hard Lv.20,speed,Unsigned,3.25,,,
42868,Inverse World 4K Hard Lv.25,tech,Unsigned,4.75,,,
42870,Inverse World 4K Insane Lv.27,stamina,Unsigned,5.75,,,
42942,Destiny 4K ADVANCED Lv.19,tech,Unsigned,3.18,,,
42944,Destiny 4K MAXIMUM Lv.28,speed,Unsigned,5.75,,,
43048,snow storm -euphoria- 4K ADVANCED Lv.17,stamina,Unsigned,2.11,,,
43063,Bad Elixir 4K Reality Lv.30,stamina,Unsigned,6.37,,,
43126,WHITEOUT 4K Extra Lv.29,tech,Unsigned,5.8,,,
43199,Meteorize 4K Hard Lv.19,tech,Unsigned,3.18,,,
43305,Unshakable 4K Maximum Lv.19,stamina,Unsigned,3.18,,,
43327,BLACK or WHITE_ 4K EXHAUST Lv.23,tech,Unsigned,4.06,,,
43328,BLACK or WHITE_ 4K GRAVITY Lv.28,stamina,Unsigned,5.75,,,
43389,サクラあっぱれーしょん 4K Another Lv.19,stamina,Unsigned,3.18,,,
43390,サクラあっぱれーしょん 4K Normal Lv.9,tech,Unsigned,-0.78,,,
43392,ORCA 4K MX Lv.25,stamina,Unsigned,4.75,,,
43432,Dreadnought 4K Black Another Lv.29,stamina,Unsigned,5.8,,,
43484,隔絶≡タナトス 4K Insane Lv.28,stamina,Unsigned,5.75,,,
43595,孤独≒エゴイズム 4K Insane Lv.25,stamina,Unsigned,4.75,,,
43998,Lights of Muse 4K MASTER Lv.28,stamina,Unsigned,5.75,,,
44048,GOODWORLD 4K Bad Lv.23,stamina,Unsigned,4.06,,,
44102,Obliteration 4K Normal Lv.15,tech,Unsigned,1.03,,,
44103,Obliteration 4K Maximum Lv.25,stamina,Unsigned,4.75,,,
44131,Leonids 4K Insane Lv.28,tech,Unsigned,5.75,,,
44133,Leonids 4K Hyper Lv.17,tech,Unsigned,2.11,,,
44202,ZABANIYA 4K Another Lv.27,stamina,Unsigned,5.75,,,
44291,World Vanquisher 4K World's End Lv.27,speed,Unsigned,5.75,,,
44392,Confiserie 4K EXTREME Lv.29,stamina,Unsigned,5.8,,,
44493,Veritas 4K Extra Lv.24,stamina,Unsigned,4.75,,,
44497,Veritas 4K Hard Lv.18,tech,Unsigned,2.64,,,
44515,ZABANIYA 4K Hyper Lv.19,stamina,Unsigned,3.18,,,
44583,GOODWORLD 4K Worst Lv.27,stamina,Unsigned,5.75,,,
45164,FIRE BIRD 4K Phoenix (Long Ver.) Lv.25,stamina,Unsigned,4.75,,,
45167,FIRE BIRD 4K Normal Lv.16,tech,Unsigned,1.57,,,
45186,Dancing Furies 4K Lunatic Lv.24,tech,Unsigned,4.75,,,
45187,Dancing Furies 4K Hard Lv.17,tech,Unsigned,2.11,,,
45436,conflict 4K Another Lv.25,tech,Unsigned,4.75,,,
45437,conflict 4K EX Lv.28,stamina,Unsigned,5.75,,,
45455,Confiserie 4K ADVANCED Lv.19,tech,Unsigned,3.18,,,
45485,雪女 4K GRAVITY Lv.29,stamina,Unsigned,5.8,,,
45585,Six the shadow ark 4K Hard Lv.25,stamina,Unsigned,4.75,,,
45589,Shadow is the Light 4K Normal Lv.17,stamina,Unsigned,2.11,,,
45709,Doll's Garden 4K Normal Lv.13,tech,Unsigned,-0.02,,,
45719,Standby For Action 4K 2B Lv.23,jack,Unsigned,4.06,,,
45722,Kurokami Midareshi Shura to Narite 4K 3B Lv.23,stamina,Unsigned,4.06,,,
45798,Hadron Kollider 4K Hard Lv.22,tech,Unsigned,3.41,,,
45799,Hadron Kollider 4K Normal Lv.18,tech,Unsigned,2.64,,,
45822,Kurokami Midareshi Shura to Narite 4K Hyper Lv.15,speed,Unsigned,1.03,,,
45882,the EmpErorR 4K Hard Lv.27,tech,Unsigned,5.75,,,
45883,the EmpErroR 4K Normal Lv.18,speed,Unsigned,2.64,,,
45887,Nameless Missionary 4K Hyper Lv.26,tech,Unsigned,4.75,,,
45888,Nameless Missionary 4K Another Lv.30,speed,Unsigned,6.37,,,
45897,Angel dust 4K Normal Lv.19,speed,Unsigned,3.18,,,
45929,御千手メディテーション 4K SPECIAL Lv.28,stamina,Unsigned,5.75,,,
45949,Mare Nectaris 4K Hyper Lv.24,speed,Unsigned,4.75,,,
45995,Mare Nectaris 4K Another Lv.31,stamina,Unsigned,7.75,,,
46256,夢、幻。 4K Hard Lv.21,speed,Unsigned,3.25,,,
46257,夢、幻。 4K Extra Lv.26,stamina,Unsigned,4.75,,,
46274,ニニ 4K Hyper Lv.22,speed,Unsigned,3.41,,,
46275,ニニ 4K Another Lv.27,stamina,Unsigned,5.75,,,
46278,Lilac 4K Another Lv.27,stamina,Unsigned,5.75,,,
46332,Last Fortune 4K MX Lv.24,stamina,Unsigned,4.75,,,
46342,Vampired 4K Insane Lv.23,stamina,Unsigned,4.06,,,
46432,Shadow is the Light 4K Hard Lv.22,stamina,Unsigned,3.41,,,
46839,望影の方舟Six 4K Insane Lv.31,stamina,Unsigned,7.75,,,
46858,狂喜蘭舞 4K MASTER Lv.27,stamina,Unsigned,5.75,,,
46999,Stasis 4K Insane Lv.26,speed,Unsigned,4.75,,,
47014,Double Agent 4K Maximum Lv.27,stamina,Unsigned,5.75,,,
47129,承認欲Q 4K Extreme Lv.27,stamina,Unsigned,5.75,,,
47189,Sakura Fubuki 4K Another Lv.27,tech,Unsigned,5.75,,,
47308,Stasis 4K Hard Lv.22,speed,Unsigned,3.41,,,
47409,承認欲Q 4K Hard Lv.24,stamina,Unsigned,4.75,,,
47541,承認欲Q 4K Extra Lv.29,stamina,Unsigned,5.8,,,
47628,承認欲Q 4K Normal Lv.16,tech,Unsigned,1.57,,,
47636,Amor De Verao 4K Quatro Lv.27,jack,Unsigned,5.75,,,
47666,Post-script 4K Wish Lv.10,speed,Unsigned,-0.59,,,
47697,Amor De Verao 4K Tres Lv.22,stamina,Unsigned,3.41,,,
47784,Last Fortune 4K HD Lv.16,stamina,Unsigned,1.57,,,
47787,Apsaras 4K Sky Lv.29,stamina,Unsigned,5.8,,,
47819,LIGHTFALL 4K Hard Lv.19,tech,Unsigned,3.18,,,
48044,Daiuchuu stage 4K ADVANCED Lv.20,speed,Unsigned,3.25,,,
48116,ΣmbryØ 4K EXHAUST Lv.26,speed,Unsigned,4.75,,,
48143,perditus†paradisus 4K Black Another Lv.31,stamina,Unsigned,7.75,,,
48208,Stasis 4K Challenge Lv.28,stamina,Unsigned,5.75,,,
48213,Hyper Magic 4K Easy Lv.8,tech,Unsigned,-0.97,,,
48216,Hyper Magic 4K Hard Lv.23,tech,Unsigned,4.06,,,
48260,Hyper Magic 4K Extra Lv.28,stamina,Unsigned,5.75,,,
48449,opaque 4K Hard Lv.23,stamina,Unsigned,4.06,,,
48450,opaque 4K Divine Lv.30,jack,Unsigned,6.37,,,
48565,perditus†paradisus 4K Another Lv.26,stamina,Unsigned,4.75,,,
48627,炉心融解 4K Normal Lv.11,tech,Unsigned,-0.4,,,
48756,Fastest Crash 4K Another Lv.30,stamina,Unsigned,6.37,,,
48782,Fastest Crash 4K Hyper Lv.25,stamina,Unsigned,4.75,,,
48841,PANDORA PARADOXXX 4K Normal Lv.24,stamina,Unsigned,4.75,,,
48870,Apsaras 4K Hard Lv.24,stamina,Unsigned,4.75,,,
48895,Apsaras 4K Normal Lv.16,tech,Unsigned,1.57,,,
48981,Amnehilesie 4K Black Another Lv.32,stamina,Unsigned,7.75,,,
49054,Amnehilesie 4K Another Lv.27,stamina,Unsigned,5.75,,,
49438,perditus†paradisus 4K Hyper Lv.21,tech,Unsigned,3.25,,,
49470,Angelic Sphere 4K Whisper Lv.8,tech,Unsigned,-0.97,,,
49495,Amnehilesie 4K Hyper Lv.23,stamina,Unsigned,4.06,,,
49648,Southern Cross 2011 4K Extreme Lv.23,tech,Unsigned,4.06,,,
49742,Koiuta Shippuu! Karuta Queen Iroha 4K MX Lv.26,stamina,Unsigned,4.75,,,
49782,Crimson Nightingle 4K Insane Lv.27,stamina,Unsigned,5.75,,,
49836,Gott 4K EXHAUST Lv.24,tech,Unsigned,4.75,,,
49869,恋歌疾風！かるたクイーンいろは 4K HD Lv.17,speed,Unsigned,2.11,,,
49970,Awaking Beat-From the next generation- 4K Another Lv.27,stamina,Unsigned,5.75,,,
49975,Krave 4K Another Lv.27,stamina,Unsigned,5.75,,,
50065,Alice in Misanthrope -厭世アリス- 4K Hyper Lv.20,jack,Unsigned,3.25,,,
50098,Alice in Misanthrope -厭世アリス- 4K Another Lv.28,stamina,Unsigned,5.75,,,
50099,Crimson Nightingle 4K Normal Lv.15,stamina,Unsigned,1.03,,,
50336,Viden 4K HARD Lv.22,tech,Unsigned,3.41,,,
50337,Viden 4K MEDIUM Lv.15,tech,Unsigned,1.03,,,
50338,Viden 4K BASIC Lv.7,tech,Unsigned,-1.16,,,
50487,Re_incRnaTiØN ～夕焼ケ世界ノ決別ヲ～ 4K Afterglow Lv.32,stamina,Unsigned,7.75,,,
50897,孤独≒エゴイズム 4K Hard Lv.21,stamina,Unsigned,3.25,,,
50918,隔絶≡タナトス 4K Extra (Long Ver.) Lv.33,stamina,Unsigned,7.75,,,
50998,Ascension to Heaven 4K Another Lv.24,tech,Unsigned,4.75,,,
50999,Ascension to Heaven 4K Black Another Lv.29,speed,Unsigned,5.8,,,
51023,勾指起誓（Cover. ilem） 4K Medium Lv.12,tech,Unsigned,-0.21,,,
51046,Lilac 4K Hyper Lv.21,tech,Unsigned,3.25,,,
51055,Splatter Doll 4K Normal Lv.17,speed,Unsigned,2.11,,,
51280,Disorder 4K Glitch Lv.27,stamina,Unsigned,5.75,,,
51294,Disorder 4K Chaos Lv.20,tech,Unsigned,3.25,,,
51299,Mousou Express (Furby@NineMusez Remix) 4K Koi (Long Ver.) Lv.24,stamina,Unsigned,4.75,,,
51305,ON FIRE 4K EXHAUST Lv.24,stamina,Unsigned,4.75,,,
51339,Re_incRnaTiØN ～夕焼ケ世界ノ決別ヲ～ 4K Chaos Lv.27,stamina,Unsigned,5.75,,,
51368,Mousou Express (Furby@NineMusez Remix) 4K Insane Lv.22,stamina,Unsigned,3.41,,,
51374,Mousou Express (Furby@NineMusez Remix) 4K Hard Lv.16,stamina,Unsigned,1.57,,,
51392,Disorder 4K Fuzzy Lv.15,speed,Unsigned,1.03,,,
51658,voltississimo 4K VIVID Lv.28,stamina,Unsigned,5.75,,,
51785,The Big Black 4K Hard Lv.23,speed,Unsigned,4.06,,,
51859,Punai Punai Taisou 4K Another Lv.27,stamina,Unsigned,5.75,,,
51922,Daiuchuu stage 4K GRAVITY Lv.28,speed,Unsigned,5.75,,,
51995,Punai Punai Taisou 4K Hyper Lv.21,stamina,Unsigned,3.25,,,
52000,Punai Punai Taisou 4K Normal Lv.17,stamina,Unsigned,2.11,,,
52051,プナイプナイせんそう 4K Another Lv.27,stamina,Unsigned,5.75,,,
52086,月あかりFAIRY TALE 4K Another Lv.22,stamina,Unsigned,3.41,,,
52087,Punai Punai Sensou 4K Hyper Lv.22,stamina,Unsigned,3.41,,,
52113,Punai Punai Gensou ~gonin no heikosekai kara kitateru yamatachiga sekai wo sukuu!_ Punai Punai in Wonderland~ 4K Another,stamina,Unsigned,5.75,,,
52183,Aurora 4K Ray Lv.25,stamina,Unsigned,4.75,,,
52192,Punai Punai Gensou ~gonin no heikosekai kara kitateru yamatachiga sekai wo sukuu!_ Punai Punai in Wonderland~ 4K Hyper L,stamina,Unsigned,3.41,,,
52212,Altale 4K Lunar Lv.23,tech,Unsigned,4.06,,,
52259,Renegade Fruits 4K GRAVITY Lv.31,stamina,Unsigned,7.75,,,
52280,Renegade Fruits 4K EXHAUST Lv.24,stamina,Unsigned,4.75,,,
52392,#The_Relentless 4K Another Lv.27,stamina,Unsigned,5.75,,,
52393,#The_Relentless 4K Hyper Lv.17,stamina,Unsigned,2.11,,,
52441,#The_Relentless 4K Normal Lv.8,stamina,Unsigned,-0.97,,,
52471,Oriens 4K EZ Lv.5,tech,Unsigned,-1.54,,,
52508,WE ARE GO (short ver.) 4K Hard Lv.15,jack,Unsigned,1.03,,,
52552,dorchadas 4K Another Lv.17,stamina,Unsigned,2.11,,,
52581,"Hello, Morning 4K Hard Lv.25",jack,Unsigned,4.75,,,
52981,Speedrun 4K Rush Lv.27,stamina,Unsigned,5.75,,,
53214,FREEDOM DiVE↓ 4K Hard Lv.22,tech,Unsigned,3.41,,,
53241,overcomplexification 4K ADVANCE Lv.19,speed,Unsigned,3.18,,,
53242,overcomplexification 4K EXTREME Lv.29,speed,Unsigned,5.8,,,
53425,ゴゴゴゴごらく部 4K 3 Lv.24,stamina,Unsigned,4.75,,,
53595,Speedrun 4K Lightspeed Lv.29,stamina,Unsigned,5.8,,,
53666,Daiuchuu stage 4K EXHAUST Lv.25,stamina,Unsigned,4.75,,,
53950,SCREW__owo__SCREW 4K Another Lv.31,jack,Unsigned,7.75,,,
54015,SCREW__owo__SCREW 4K Normal Lv.22,jack,Unsigned,3.41,,,
54018,SCREW__owo__SCREW 4K Hyper Lv.27,stamina,Unsigned,5.75,,,
54072,Krave 4K Hyper Lv.18,stamina,Unsigned,2.64,,,
54217,PEACE BREAKER 4K Devastation Lv.30,jack,Unsigned,6.37,,,
54224,PEACE BREAKER 4K Insane Lv.28,stamina,Unsigned,5.75,,,
54399,Rush-More 4K Another Lv.27,stamina,Unsigned,5.75,,,
54723,TEmPTaTiON 4K Another Lv.27,speed,Unsigned,5.75,,,
54790,The 89's Momentum 4K MASTER Lv.21,stamina,Unsigned,3.25,,,
54951,croiX 4K EXTREME Lv.28,stamina,Unsigned,5.75,,,
54966,_ Crow Solace _ 4K Claidheamh Lv.30,stamina,Unsigned,6.37,,,
54968,_ Crow Solace _ 4K Extra Lv.26,speed,Unsigned,4.75,,,
54969,_ Crow Solace _ 4K Avalon’s Another Lv.23,stamina,Unsigned,4.06,,,
55010,croiX 4K EXHAUST Lv.24,stamina,Unsigned,4.75,,,
55013,Xiorc 4K Glitch Lv.27,stamina,Unsigned,5.75,,,
55288,Glitch Nerds 4K Another Lv.28,stamina,Unsigned,5.75,,,
55346,Chrome VOX 4K Hyper Lv.17,tech,Unsigned,2.11,,,
55407,Chrome VOX 4K Another Lv.27,stamina,Unsigned,5.75,,,
55546,TEmPTaTiON 4K Hyper Lv.21,tech,Unsigned,3.25,,,
55733,ごまかし 4K Normal Lv.12,speed,Unsigned,-0.21,,,
55953,BATTLE NO.1 4K Special Lv.30,stamina,Unsigned,6.37,,,
55973,Illusion of Fixity 4K Hard Lv.17,tech,Unsigned,2.11,,,
55974,Illusion of Fixity 4K Maximum Lv.28,stamina,Unsigned,5.75,,,
55978,Pico_2 Funkoter☆ 4K Maximum Lv.29,stamina,Unsigned,5.8,,,
55985,Kakitsubata 4K Maximum Lv.26,tech,Unsigned,4.75,,,
55987,BATTLE NO.1 4K Future Lv.24,stamina,Unsigned,4.75,,,
55990,Shadow Tripper 4K Maximum Lv.27,stamina,Unsigned,5.75,,,
55998,Xrocus 4K Hard Lv.19,tech,Unsigned,3.18,,,
55999,Xrocus 4K Maximum Lv.28,stamina,Unsigned,5.75,,,
56222,Hanagoyomi 4K Hanather Lv.18,speed,Unsigned,2.64,,,
56223,Hanagoyomi 4K Hyper Lv.14,tech,Unsigned,0.49,,,
56296,BRAVE GLOW 4K Another Lv.24,stamina,Unsigned,4.75,,,
56333,Ultimate Ascension 4K ADVANCED Lv.19,speed,Unsigned,3.18,,,
56334,Ultimate Ascension 4K EXHAUST Lv.24,tech,Unsigned,4.75,,,
56335,Ultimate Ascension 4K GRAVITY Lv.28,stamina,Unsigned,5.75,,,
56383,EVERLASTING HAPPiNESS↑ 4K Hyper Lv.23,speed,Unsigned,4.06,,,
56384,EVERLASTING HAPPiNESS↑ 4K Another Lv.31,stamina,Unsigned,7.75,,,
56403,8bit Voyager 4K Adventure Lv.27,stamina,Unsigned,5.75,,,
56529,Garakuta Doll Play 4K MASTER Lv.27,stamina,Unsigned,5.75,,,
56531,Garakuta Doll Play 4K EXPERT Lv.23,speed,Unsigned,4.06,,,
56590,MEGALOVANIA (Camellia Remix) 4K Hyper Lv.23,jack,Unsigned,4.06,,,
56709,Crack Traxxxx 4K EXHAUST Lv.26,speed,Unsigned,4.75,,,
56710,Crack Traxxxx 4K ADVANCED Lv.17,speed,Unsigned,2.11,,,
57056,Quo Vadis 4K Insane Lv.23,stamina,Unsigned,4.06,,,
57231,QZKago Requiem 4K ADVANCED Lv.18,speed,Unsigned,2.64,,,
57300,Apocaliptix 4K Nightmare Lv.29,speed,Unsigned,5.8,,,
57344,Suki Tokimeki to Kiss 4K MAXIMUM Lv.29,stamina,Unsigned,5.8,,,
57680,PF flowing 4K Hard Lv.20,tech,Unsigned,3.25,,,
57762,Sweet Rain 4K EXTREME Lv.25,stamina,Unsigned,4.75,,,
57788,Sweet Rain 4K BASIC Lv.9,tech,Unsigned,-0.78,,,
58438,QZKago Requiem 4K MASTER Lv.27,stamina,Unsigned,5.75,,,
58442,モノノケ・イン・ザ・フィクション 4K Hard Lv.22,stamina,Unsigned,3.41,,,
58570,QZKago Requiem 4K Re_MASTER Lv.31,stamina,Unsigned,7.75,,,
58676,Galactic System 4K Hard Lv.26,stamina,Unsigned,4.75,,,
58677,Galactic System 4K Normal Lv.17,tech,Unsigned,2.11,,,
59009,666 4K ADVANCED Lv.19,tech,Unsigned,3.18,,,
59010,666 4K EXHAUST Lv.26,tech,Unsigned,4.75,,,
59011,666 4K MAXIMUM Lv.31,jack,Unsigned,7.75,,,
59547,Lagrangian Point O 4K Hard-1C Lv.25,tech,Unsigned,4.75,,,
59551,Lagrangian Point O 4K Hard-1G Lv.27,speed,Unsigned,5.75,,,
59564,Wagamama Manifest 4K Another-3A Lv.25,speed,Unsigned,4.75,,,
59566,Wagamama Manifest 4K Another-3C Lv.27,speed,Unsigned,5.75,,,
59569,Wagamama Manifest 4K Another-3F Lv.24,speed,Unsigned,4.75,,,
59862,Wizdomiot 4K Hard Lv.20,speed,Unsigned,3.25,,,
59927,Mandragora 4K Another Lv.28,stamina,Unsigned,5.75,,,
60203,PF flowing 4K Insane Lv.26,stamina,Unsigned,4.75,,,
60547,Hate The Most 4K Extreme Lv.26,stamina,Unsigned,4.75,,,
60754,Hate The Most 4K Hard Lv.17,stamina,Unsigned,2.11,,,
60922,Fervidex 4K NORMAL Lv. 7,tech,Unsigned,-1.16,,,
60923,Fervidex 4K HYPER Lv. 16,tech,Unsigned,1.57,,,
60924,Fervidex 4K ANOTHER Lv. 21,speed,Unsigned,3.25,,,
60936,Blue Zenith 4K Normal Lv.16,tech,Unsigned,1.57,,,
60937,Blue Zenith 4K Hyper Lv.25,tech,Unsigned,4.75,,,
60939,Blue Zenith 4K Another Lv.30,stamina,Unsigned,6.37,,,
61020,Ten Thousand Tons of Anonymous Letters 4K HD Lv.22,stamina,Unsigned,3.41,,,
61023,Ten Thousand Tons of Anonymous Letters 4K NM Lv.16,stamina,Unsigned,1.57,,,
61161,pique 4K MAXIMUM Lv.27,stamina,Unsigned,5.75,,,
61275,ETERNAL DRAIN 4K Another Lv.26,stamina,Unsigned,4.75,,,
61276,ETERNAL DRAIN 4K Hyper Lv.22,tech,Unsigned,3.41,,,
61368,pique 4K EXHAUST Lv.22,stamina,Unsigned,3.41,,,
61710,天火明命 4K MASTER Lv.25,speed,Unsigned,4.75,,,
61813,quantum jump 4K Hyper Lv.10,speed,Unsigned,-0.59,,,
61892,Iro o ushinatta Machi 4K MX Lv.27,speed,Unsigned,5.75,,,
62144,SEPIA 4K Hard Lv.22,speed,Unsigned,3.41,,,
62193,Never Escape 4K Hard Lv.22,tech,Unsigned,3.41,,,
62468,光の道標 4K Normal Lv.7,stamina,Unsigned,-1.16,,,
63044,アムピト♢﻿リーテー 4K Expert Lv.27,tech,Unsigned,5.75,,,
63233,アムピト♢﻿リーテー 4K Hard Lv.21,tech,Unsigned,3.25,,,
63325,GOODFORTUNE 4K Another Lv.28,stamina,Unsigned,5.75,,,
63922,Joyeuse 4K VIVID Lv.27,speed,Unsigned,5.75,,,
64902,そして紫の幻想曲は全てを受け入れる 4K EXHAUST Lv.25,stamina,Unsigned,4.75,,,
65004,voltississimo 4K ADVANCED Lv.18,stamina,Unsigned,2.64,,,
65120,魔方陣 ‐サモン・デルタ‐ 4K Normal Lv.19,stamina,Unsigned,3.18,,,
65368,そして紫の幻想曲は全てを受け入れる 4K ADVANCED Lv.18,speed,Unsigned,2.64,,,
66345,Armageddon 4K Another Lv.27,stamina,Unsigned,5.75,,,
66836,プレインエイジア (MRM REMIX) 4K EXHAUST Lv.27,stamina,Unsigned,5.75,,,
66917,Astronomia(美國空軍 a.k.a Daily Mix) 4K ADVANCED Lv.18,stamina,Unsigned,2.64,,,
67008,CENSORED!! 4K Insane Lv.27,stamina,Unsigned,5.75,,,
67036,CENSORED!! 4K Hard Lv.24,stamina,Unsigned,4.75,,,
67083,Cataraxir 4K Hard Lv.25,stamina,Unsigned,4.75,,,
67087,Cataraxir 4K Divine Lv.30,speed,Unsigned,6.37,,,
67139,好きトキメキとキス 4K EXHAUST Lv.25,stamina,Unsigned,4.75,,,
67598,つるぺったん 4K Hyper Lv.13,tech,Unsigned,-0.02,,,
67823,MEGALOVANIA (Camellia Remix) 4K Another Lv.31,stamina,Unsigned,7.75,,,
68827,Quartz 4K Divine Lv.28,speed,Unsigned,5.75,,,
68936,Chinese Restaurant 4K Insane Lv.26,stamina,Unsigned,4.75,,,
70010,1F√ 4K Hard Lv.21,tech,Unsigned,3.25,,,
70625,Brain Power 4K Divine Lv.25,stamina,Unsigned,4.75,,,
70627,Brain Power 4K Extra Lv.20,tech,Unsigned,3.25,,,
70908,Vividly Impromptu 4K Easy Lv.9,tech,Unsigned,-0.78,,,
70920,Vividly Impromptu 4K Normal Lv.18,stamina,Unsigned,2.64,,,
70926,Grayed Out-Antifront- 4K Black Another Lv.26,stamina,Unsigned,4.75,,,
71405,Neo-Aspect 4K Normal Lv.16,speed,Unsigned,1.57,,,
71502,Hazukashigariya no Toy Soldier 4K Toybox Lv.25,stamina,Unsigned,4.75,,,
71525,Everlasting Message 4K MAXIMUM Lv.23,stamina,Unsigned,4.06,,,
71900,TRIGGER★HAPPY 4K EXHAUST Lv.26,stamina,Unsigned,4.75,,,
72065,Himiko 4K Hyper Lv.23,speed,Unsigned,4.06,,,
72261,卑弥呼 4K Another(Nerf ver.) Lv.30,speed,Unsigned,6.37,,,
72334,未完成 START 4K Re_ Start! Lv.22,stamina,Unsigned,3.41,,,
72506,Towards The Horizon 4K HARD Lv.26,speed,Unsigned,4.75,,,
73746,Neo-Aspect 4K Apex Lv.23,stamina,Unsigned,4.06,,,
74110,Elemental Creation (kamome sano Remix) 4K 3C Lv.26,tech,Unsigned,4.75,,,
74117,Elemental Creation (kamome sano Remix) 4K 3J Lv.27,tech,Unsigned,5.75,,,
74126,"Hana to, Yuki to, Drum'n'bass. 4K 2E Lv.25",stamina,Unsigned,4.75,,,
74129,"Hana to, Yuki to, Drum'n'bass. 4K 2H Lv.22",stamina,Unsigned,3.41,,,
74215,Daiyamondo no jundo 4K Normal Lv.13,stamina,Unsigned,-0.02,,,
74255,Necroxis Girl 4K Another Lv.26,stamina,Unsigned,4.75,,,
74409,Emulisy 4K Another Lv.27,stamina,Unsigned,5.75,,,
74411,Emulisy 4K Hyper Lv.21,tech,Unsigned,3.25,,,
74591,Eine Haube ～聖地の果てにあるもの～ 4K Another Lv.22,stamina,Unsigned,3.41,,,
74669,Eine Haube ～聖地の果てにあるもの～ 4K Hyper Lv.17,tech,Unsigned,2.11,,,
74691,Eine Haube ～聖地の果てにあるもの～ 4K Normal Lv.9,tech,Unsigned,-0.78,,,
74704,AKASHIC BREAK 4K Normal Lv.14,tech,Unsigned,0.49,,,
74711,AKASHIC BREAK 4K Hyper Lv.23,stamina,Unsigned,4.06,,,
74755,AKASHIC BREAK 4K Another Lv.27,speed,Unsigned,5.75,,,
74770,AKASHIC BREAK 4K Beginner Lv.7,tech,Unsigned,-1.16,,,
75048,VVelcome!! 4K MAXIMUM Lv.36,stamina,Unsigned,9.04,,,
75362,ワルツ第17番 ト短調_大犬のワルツ_ 4K MX Lv.27,speed,Unsigned,5.75,,,
75523,ワルツ第17番 ト短調_大犬のワルツ_ 4K HD Lv.17,tech,Unsigned,2.11,,,
75627,Elemental Creation (kamome sano Remix) 4K Hard+ Lv.19,tech,Unsigned,3.18,,,
75976,Carmina 4K Leggendaria Lv.31,stamina,Unsigned,7.75,,,
75978,Carmina 4K Hyper Lv.23,tech,Unsigned,4.06,,,
76005,Carmina 4K Another Lv.27,stamina,Unsigned,5.75,,,
76088,Aleph-0 4K Expert Lv.27,tech,Unsigned,5.75,,,
76309,Daydream cafe 4K Hyper Lv.16,stamina,Unsigned,1.57,,,
76412,Silly Love 4K Another Lv.21,stamina,Unsigned,3.25,,,
76470,Spirit's Ancestor 4K Another Lv.25,stamina,Unsigned,4.75,,,
76471,Spirit's Ancestor 4K Hyper Lv.16,tech,Unsigned,1.57,,,
76512,Quartz 4K Hard Lv.24,tech,Unsigned,4.75,,,
76631,Silly Love 4K Hyper Lv.16,tech,Unsigned,1.57,,,
76925,Nothing but Theory 4K Another Lv.23,stamina,Unsigned,4.06,,,
77399,Replica 4K Reproduction Lv.26,stamina,Unsigned,4.75,,,
77638,Nothing but Theory 4K Hyper Lv.16,tech,Unsigned,1.57,,,
77647,Nothing but Theory 4K Normal Lv.7,tech,Unsigned,-1.16,,,
77792,Black MInD 4K Signature Lv.23,tech,Unsigned,4.06,,,
78122,幻影舞踏師 4K Another Lv.24,tech,Unsigned,4.75,,,
78525,Krave 4K Insane Lv.26,stamina,Unsigned,4.75,,,
78587,小籠包 4K Signature Lv.23,stamina,Unsigned,4.06,,,
78805,Back Out 4K Maximum Lv.24,stamina,Unsigned,4.75,,,
79101,Static State 4K Another Lv.25,stamina,Unsigned,4.75,,,
79111,Grin 4K Smile Lv.25,tech,Unsigned,4.75,,,
79169,DOGMA 4K Insane Lv.24,speed,Unsigned,4.75,,,
79177,op.31 叙情 4K Another Lv.23,speed,Unsigned,4.06,,,
79278,100.01% 4K Hard Lv.27,stamina,Unsigned,5.75,,,
79279,100.01% 4K Normal Lv.22,stamina,Unsigned,3.41,,,
79655,Grin 4K Normal Lv.16,tech,Unsigned,1.57,,,
79670,狂水一華 4K Another Lv.27,stamina,Unsigned,5.75,,,
80089,JANUS 4K Signature Lv.22,tech,Unsigned,3.41,,,
80313,Απομνημονευμαι 4K Another Lv.23,stamina,Unsigned,4.06,,,
80314,Απομνημονευμαι 4K Hyper Lv.15,speed,Unsigned,1.03,,,
80315,Απομνημονευμαι 4K Normal Lv.8,tech,Unsigned,-0.97,,,
80455,Stellaria 4K Stella Lv.32,stamina,Unsigned,7.75,,,
80508,Bliss 4K Normql Lv.6,tech,Unsigned,-1.35,,,
80510,Bliss 4K Jyper Lv.14,stamina,Unsigned,0.49,,,
80549,Bliss 4K Anotjer Lv.22,stamina,Unsigned,3.41,,,
80824,NightTheater 4K Another (Keysound) Lv.24,stamina,Unsigned,4.75,,,
80977,Traveler ~stand aloof~ 4K Hyper Lv.24,stamina,Unsigned,4.75,,,
80978,Traveler ~stand aloof~ 4K Another Lv.29,speed,Unsigned,5.8,,,
80979,Traveler ~stand aloof~ 4K Normal Lv.17,tech,Unsigned,2.11,,,
81282,†_OLPHEUX_† 4K MAXIMAM Lv.32,stamina,Unsigned,7.75,,,
81752,Be With U 4K MX Lv.23,speed,Unsigned,4.06,,,
81963,†_OLPHEUX_† 4K EXHAUST Lv.27,speed,Unsigned,5.75,,,
82092,†_OLPHEUX_† 4K ADVANCED Lv.19,tech,Unsigned,3.18,,,
82155,禊 4K Another Lv.21,speed,Unsigned,3.25,,,
82182,Yum Yum Sweetie 4K MAXIMUM Lv.24,stamina,Unsigned,4.75,,,
82202,Yum Yum Sweetie 4K EXHAUST Lv.18,tech,Unsigned,2.64,,,
82874,Kreuz 4K Another Lv.25,speed,Unsigned,4.75,,,
82875,Kreuz 4K Hyper Lv.21,tech,Unsigned,3.25,,,
82876,Kreuz 4K Normal Lv.17,tech,Unsigned,2.11,,,
82886,蟲の棲む処 4K Another Lv.26,stamina,Unsigned,4.75,,,
82903,Black MInD 4K Premium Lv.17,tech,Unsigned,2.11,,,
82931,Stellaria 4K Another Lv.26,speed,Unsigned,4.75,,,
83304,Andragoon 4K Master Lv.26,stamina,Unsigned,4.75,,,
83805,BUCHiGiRE Berserker 4K INFERNO Lv.30,stamina,Unsigned,6.37,,,
83940,Stellaria 4K Hyper Lv.23,stamina,Unsigned,4.06,,,
84199,BUCHiGiRE Berserker 4K EXPERT Lv.26,stamina,Unsigned,4.75,,,
84759,Galaxy Friends 4K SPEEDCORE GalaxiaN Lv.28,speed,Unsigned,5.75,,,
84760,Galaxy Friends 4K Expert Lv.24,tech,Unsigned,4.75,,,
84836,Cutter 4K Another Lv.28,stamina,Unsigned,5.75,,,
85411,Exitium 4K EXILE Lv.36,stamina,Unsigned,9.04,,,
85443,Garakuta Doll Play 4K Re_MASTER Lv.29,speed,Unsigned,5.8,,,
86233,Cleopatrysm 4K Another Lv.27,stamina,Unsigned,5.75,,,
86398,焔極OVERKILL 4K Another Lv.32,stamina,Unsigned,7.75,,,
86495,VVelcome!! 4K EXHAUST Lv.26,stamina,Unsigned,4.75,,,
86496,VVelcome!! 4K EXTRA Lv.32,stamina,Unsigned,7.75,,,
86540,Exitium 4K EXPERT Lv.24,stamina,Unsigned,4.75,,,
86602,Seventeen Feels 4K MX Lv.24,speed,Unsigned,4.75,,,
86618,焔極OVERKILL 4K Hyper Lv.27,stamina,Unsigned,5.75,,,
86619,焔極OVERKILL 4K Normal Lv.17,speed,Unsigned,2.11,,,
86718,Imperial 4K Another Lv.27,speed,Unsigned,5.75,,,
86719,Exitium 4K INFERNO Lv.32,stamina,Unsigned,7.75,,,
86816,Imperial 4K Hyper Lv.22,speed,Unsigned,3.41,,,
86821,Imperial 4K Normal Lv.17,tech,Unsigned,2.11,,,
87266,irregulyze 4K 3K Lv.21,stamina,Unsigned,3.25,,,
87271,irregulyze 4K 3F Lv.22,speed,Unsigned,3.41,,,
87279,LUV CAN SAVE U 4K 2H Lv.19,stamina,Unsigned,3.18,,,
87645,CO5M1C R4ILR0AD 4K Insane Lv.27,stamina,Unsigned,5.75,,,
87658,Eden 4K Another Lv.22,stamina,Unsigned,3.41,,,
88418,Partenza 4K Normal Lv.16,tech,Unsigned,1.57,,,
88419,Partenza 4K Easy Lv.8,tech,Unsigned,-0.97,,,
88420,Partenza 4K Hard Lv.21,stamina,Unsigned,3.25,,,
88847,INF-B《L-aste-R》 4K VIVID Lv.31,speed,Unsigned,7.75,,,
88851,INF-B《L-aste-R》 4K MAXIMUM Lv.28,stamina,Unsigned,5.75,,,
88857,INF-B《L-aste-R》 4K EXHAUST Lv.25,speed,Unsigned,4.75,,,
88865,INF-B《L-aste-R》 4K ADVANCED Lv.20,tech,Unsigned,3.25,,,
88981,宿星審判 4K Another Lv.26,speed,Unsigned,4.75,,,
88982,宿星審判 4K Hyper Lv.22,speed,Unsigned,3.41,,,
89102,Wizdomiot 4K Insane Lv.26,tech,Unsigned,4.75,,,
89103,Wizdomiot 4K Lunatic Lv.32,stamina,Unsigned,7.75,,,
89245,ファイナルレター 4K EXHAUST Lv.24,stamina,Unsigned,4.75,,,
89726,刃図羅 4K Another Lv.26,stamina,Unsigned,4.75,,,
89771,刃図羅 4K Hyper Lv.20,tech,Unsigned,3.25,,,
90855,For Ulysses feat. Risa Yuzuki 4K Hyper Lv.18,tech,Unsigned,2.64,,,
90856,For Ulysses feat. Risa Yuzuki 4K Another Lv.27,speed,Unsigned,5.75,,,
91003,Titania 4K MASTER Lv.31,stamina,Unsigned,7.75,,,
91007,Titania 4K EXPERT Lv.26,speed,Unsigned,4.75,,,
91009,Titania 4K ADVANCED Lv.17,tech,Unsigned,2.11,,,
91726,rambling pleat 4K Easy Lv.7,tech,Unsigned,-1.16,,,
91728,rambling pleat 4K Dohna Lv.23,stamina,Unsigned,4.06,,,
92109,Creamy Sugary OVERDRIVE!!! 4K Half Sugar Lv.18,tech,Unsigned,2.64,,,
92110,Creamy Sugary OVERDRIVE!!! 4K Regular Sugar Lv.26,stamina,Unsigned,4.75,,,
92111,Creamy Sugary OVERDRIVE!!! 4K Extra Sugar Lv.31,stamina,Unsigned,7.75,,,
92414,POLꞰAMAИIA 4K Another Lv.27,stamina,Unsigned,5.75,,,
92890,Vividly Impromptu 4K Expert Lv.27,stamina,Unsigned,5.75,,,
94389,Edel Lilie 4K Normal Lv.7,tech,Unsigned,-1.16,,,
94911,EMERALDAS 4K Another Lv.27,stamina,Unsigned,5.75,,,
94973,EMERALDAS 4K Hyper Lv.23,speed,Unsigned,4.06,,,
97180,ジョーカー・ジュンコ ～ 永遠の純化 4K Another Lv.26,stamina,Unsigned,4.75,,,
97188,Vividly Impromptu 4K Hard Lv.23,stamina,Unsigned,4.06,,,
97194,ジョーカー・ジュンコ ～ 永遠の純化 4K Beginner Lv.8,tech,Unsigned,-0.97,,,
98357,WONDER_WOBBLER 4K MAXIMUM Lv.26,speed,Unsigned,4.75,,,
98697,FUJIN Rumble 4K Shucchou Coatser Lv.23,tech,Unsigned,4.06,,,
98989,六兆年と一夜物語 4K Expert Lv.28,speed,Unsigned,5.75,,,
99079,六兆年と一夜物語 4K Hard Lv.23,tech,Unsigned,4.06,,,
99359,XODUS 4K HIDDEN Lv.30,stamina,Unsigned,6.37,,,
99360,XODUS 4K MASTER Lv.25,tech,Unsigned,4.75,,,
99361,XODUS 4K HARD Lv.18,tech,Unsigned,2.64,,,
99467,Six trillion years and overnight story 4K EXHAUST Lv.28,stamina,Unsigned,5.75,,,
99471,POLꞰAMAИIA 4K MX Lv.27,stamina,Unsigned,5.75,,,
99901,After Dawn 4K INF Lv.25,jack,Unsigned,4.75,,,
100297,封焔の135秒 4K MASTER Lv.30,stamina,Unsigned,6.37,,,
101444,WONDER_WOBBLER 4K NOVICE Lv.7,tech,Unsigned,-1.16,,,
101460,WONDER_WOBBLER 4K EXHAUST Lv.22,tech,Unsigned,3.41,,,
101760,SAMURAI TIGER 4K MAXIMUM Lv.27,stamina,Unsigned,5.75,,,
102347,Trrricksters!! 4K MASTER Lv.26,stamina,Unsigned,4.75,,,
102586,Pale Garden 4K 3K Lv.22,speed,Unsigned,3.41,,,
102587,Pale Garden 4K 3L Lv.25,stamina,Unsigned,4.75,,,
102588,Lorikeet ~Flat design~ 4K 2A Lv.23,stamina,Unsigned,4.06,,,
102589,Lorikeet ~Flat design~ 4K 2B Lv.27,speed,Unsigned,5.75,,,
102590,Lorikeet ~Flat design~ 4K 2C Lv.29,stamina,Unsigned,5.8,,,
102595,Lorikeet ~Flat design~ 4K 2G Lv.21,stamina,Unsigned,3.25,,,
102704,ファイナルレター 4K MAXIMUM Lv.31,speed,Unsigned,7.75,,,
102734,FlowerNation 4K MAXIMUM Lv.24,stamina,Unsigned,4.75,,,
103340,夜に駆ける 4K Normal Lv.6,tech,Unsigned,-1.35,,,
103768,Chewingood!!! 4K Another Lv.24,stamina,Unsigned,4.75,,,
104467,Fuuen no 135 Byou 4K MASTER Lv.29,stamina,Unsigned,5.8,,,
104468,封焔の135秒 4K ADVANCED Lv.19,tech,Unsigned,3.18,,,
104641,Grayed Out-Antifront- 4K Another Lv.22,stamina,Unsigned,3.41,,,
104751,お約束→ハッピーエンド！ 4K Another Lv.23,stamina,Unsigned,4.06,,,
104970,ねぇ、壊れタ人形ハ何処へ棄テらレるノ？ 4K ADVANCED Lv.18,tech,Unsigned,2.64,,,
105089,Gimme dreamin’ 4K VIVID Lv.27,stamina,Unsigned,5.75,,,
105325,LAMIA 4K MASTER Lv.31,stamina,Unsigned,7.75,,,
105402,LAMIA 4K EXPERT Lv.22,tech,Unsigned,3.41,,,
105505,NightTheater 4K Hyper Lv.21,speed,Unsigned,3.25,,,
105537,NightTheater 4K Normal Lv.15,tech,Unsigned,1.03,,,
105591,Celestial Horizon 4K To The Heaven Lv.27,speed,Unsigned,5.75,,,
105901,Polacro 4K Insane Lv.26,speed,Unsigned,4.75,,,
106066,Invitation from Mr.C 4K GRAVITY Lv.26,stamina,Unsigned,4.75,,,
106155,Invitation from Mr.C 4K EXHAUST Lv.22,stamina,Unsigned,3.41,,,
106177,小籠包 4K Premium Lv.16,tech,Unsigned,1.57,,,
106324,Polacro 4K Hard Lv.22,speed,Unsigned,3.41,,,
106645,Vajra 4K HARD Lv.27,tech,Unsigned,5.75,,,
107360,踊 4K Odori Lv.23,stamina,Unsigned,4.06,,,
107362,ユーフォリアム 4K Another Lv.23,speed,Unsigned,4.06,,,
107713,ドーパミン 4K Extreme Lv.26,stamina,Unsigned,4.75,,,
107902,Placebo Dying 4K HD Lv.25,tech,Unsigned,4.75,,,
108171,Placebo Dying 4K NM Lv.16,tech,Unsigned,1.57,,,
108281,《Re_miniscence》 4K EXHAUST Lv.25,speed,Unsigned,4.75,,,
108397,Seventeen Feels 4K HD Lv.15,tech,Unsigned,1.03,,,
108501,Reverenced Flower 4K MAXIMUM Lv.33,speed,Unsigned,7.75,,,
108502,Reverenced Flower 4K EXHAUST Lv.25,tech,Unsigned,4.75,,,
108821,apo_llioth 4K MAXIMUM Lv.27,stamina,Unsigned,5.75,,,
109035,The Clowns of 24stairs 4K EXHAUST Lv.25,speed,Unsigned,4.75,,,
109040,The Clowns of 24stairs 4K ADVANCED Lv.16,speed,Unsigned,1.57,,,
109062,The Clowns of 24stairs 4K MAXIMUM Lv.34,speed,Unsigned,7.93,,,
109329,X-encounter 4K Hyper Lv.20,stamina,Unsigned,3.25,,,
109330,X-encounter 4K Another Lv.26,stamina,Unsigned,4.75,,,
109334,X-encounter 4K Normal Lv.15,tech,Unsigned,1.03,,,
109468,彼女が告白をした理由 4K HD Lv.17,tech,Unsigned,2.11,,,
109532,極圏 4K MAXIMUM Lv.30,speed,Unsigned,6.37,,,
109546,Luminaria 4K Another Lv.31,speed,Unsigned,7.75,,,
109557,Luminaria 4K Hyper Lv.22,speed,Unsigned,3.41,,,
109637,I Want U 4K Hard Lv.24,stamina,Unsigned,4.75,,,
109664,Live Nor Die (Nhato Remix) 4K Another Lv.26,speed,Unsigned,4.75,,,
109753,Bring Back The Beat 4K Hard Lv.24,tech,Unsigned,4.75,,,
109918,斑咲花 4K Extreme Lv.26,speed,Unsigned,4.75,,,
110050,Continuous Moment 4K EXHAUST Lv.26,speed,Unsigned,4.75,,,
110057,Hirugaeru Tsubasa Oikakete 4K MAXIMUM Lv.34,speed,Unsigned,7.93,,,
110148,Doll's Garden 4K Hard Lv.21,stamina,Unsigned,3.25,,,
110154,Retention 4K Hard Lv.16,tech,Unsigned,1.57,,,
110160,La Campanella 4K Swung Lv.27,stamina,Unsigned,5.75,,,
110630,斑咲花 4K Advanced Lv.18,speed,Unsigned,2.64,,,
111035,Hirugaeru Tsubasa Oikakete 4K EXHAUST Lv.28,speed,Unsigned,5.75,,,
111146,Concvssion 4K Insane Lv.26,stamina,Unsigned,4.75,,,
111183,the EmpErroR 4K MASTER Lv.33,speed,Unsigned,7.75,,,
111217,祈 -我ら神祖と共に歩む者なり- 4K MASTER Lv.35,stamina,Unsigned,8.79,,,
111255,Mare Maris 4K boomushroom's Another Lv.26,stamina,Unsigned,4.75,,,
111483,La Campanella 4K Swang Lv.20,stamina,Unsigned,3.25,,,
111536,闇夜に舞うは紅の華 4K MAXIMUM Lv.27,stamina,Unsigned,5.75,,,
111707,Final Step! 4K Hard Lv.18,speed,Unsigned,2.64,,,
111724,Kuu Ni Naru 4K Normal Lv.12,tech,Unsigned,-0.21,,,
111729,Chloé 4K NOVICE Lv.7,tech,Unsigned,-1.16,,,
111938,popcorn 4K MASTER Lv.25,tech,Unsigned,4.75,,,
111983,Staring at star 4K HEAVENLY Lv.35,stamina,Unsigned,8.79,,,
112083,QSHELL -拒色のシェルル- 4K Hyper Lv.26,stamina,Unsigned,4.75,,,
112102,Space battle 4K Normal Lv.16,tech,Unsigned,1.57,,,
112156,Zirkfied 4K Hyper Lv.18,stamina,Unsigned,2.64,,,
112157,Zirkfied 4K Another Lv.24,stamina,Unsigned,4.75,,,
112158,Zirkfied 4K Black Another Lv.31,stamina,Unsigned,7.75,,,
112170,極圏 4K EXHAUST Lv.26,tech,Unsigned,4.75,,,
112271,Space battle 4K Easy Lv.9,tech,Unsigned,-0.78,,,
112335,Space battle 4K Hard Lv.23,tech,Unsigned,4.06,,,
112458,Staring at star 4K EXHAUST Lv.24,stamina,Unsigned,4.75,,,
112482,Freefall 4K A01 Lv.26,stamina,Unsigned,4.75,,,
112948,Kuu Ni Naru 4K Hard Lv.19,stamina,Unsigned,3.18,,,
113209,徳川カップヌードル禁止令 4K Uma! Lv.26,stamina,Unsigned,4.75,,,
113435,Carry Me Away 4K Another Lv.27,stamina,Unsigned,5.75,,,
113808,Staring at star 4K MAXIMUM Lv.30,stamina,Unsigned,6.37,,,
113815,Hainuwele 4K MASTER Lv.27,stamina,Unsigned,5.75,,,
113908,ツクヨミステップ 4K Hard Lv.23,stamina,Unsigned,4.06,,,
113920,MixxioN 4K EXCEED Lv.37,stamina,Unsigned,10.25,,,
114005,ディスコルディア 4K Hyper Lv.29,stamina,Unsigned,5.8,,,
114006,ディスコルディア 4K Normal Lv.19,tech,Unsigned,3.18,,,
114028,MixxioN 4K EXHAUST Lv.25,speed,Unsigned,4.75,,,
114037,MixxioN 4K ALTER Lv.35,tech,Unsigned,8.79,,,
114056,Scaffold 4K Expert Lv.24,speed,Unsigned,4.75,,,
114065,ディスコルディア 4K Another Lv.37,speed,Unsigned,10.25,,,
114214,ENDYMION 4K Expert Lv.25,tech,Unsigned,4.75,,,
114235,Kami 4K HARD+ Lv.22,tech,Unsigned,3.41,,,
114239,Kami 4K NORMAL+ Lv.14,tech,Unsigned,0.49,,,
114245,La Campanella 4K Swing Lv.16,tech,Unsigned,1.57,,,
114254,XHRONOXAPSULE 4K XHRONOSTASIS Lv.37,stamina,Unsigned,10.25,,,
114255,XHRONOXAPSULE 4K MAXIMUM Lv.31,stamina,Unsigned,7.75,,,
114256,XHRONOXAPSULE 4K EXHAUST Lv.26,speed,Unsigned,4.75,,,
114267,無機質世界に彩を 4K 4 Lv.29,tech,Unsigned,5.8,,,
114306,Another Me 4K Another Lv.29,speed,Unsigned,5.8,,,
114415,The Race Around The World 4K Hard Lv.20,stamina,Unsigned,3.25,,,
114491,Wonderful Escape 4K Another Lv.22,speed,Unsigned,3.41,,,
114492,Wonderful Escape 4K Hyper Lv.15,tech,Unsigned,1.03,,,
114531,A Lasting Promise 4K HEAVENLY Lv.33,tech,Unsigned,7.75,,,
114538,Another Me 4K Hard Lv.24,stamina,Unsigned,4.75,,,
114675,Arty Party 4K MASTER Lv.27,stamina,Unsigned,5.75,,,
114690,Resistance 4K Lunatic Lv.27,tech,Unsigned,5.75,,,
114903,FREEDOM DiVE↓ 4K Another Lv.29,stamina,Unsigned,5.8,,,
114932,Positive 4K Hard Lv.25,speed,Unsigned,4.75,,,
114939,Natural Disasters 4K Hard Lv.27,tech,Unsigned,5.75,,,
114940,Natural Disasters 4K Normal Lv.18,tech,Unsigned,2.64,,,
114941,Natural Disasters 4K Easy Lv.10,tech,Unsigned,-0.59,,,
114957,DEAR MY WAKER 4K Another Lv.18,stamina,Unsigned,2.64,,,
114966,DEAR MY WAKER 4K Hyper Lv.12,tech,Unsigned,-0.21,,,
114979,AstrøNotes. 4K Re_MASTER Lv.31,speed,Unsigned,7.75,,,
114980,AstrøNotes. 4K MASTER Lv.26,speed,Unsigned,4.75,,,
114981,AstrøNotes. 4K EXPERT Lv.21,tech,Unsigned,3.25,,,
115016,New Astronomas 4K HD Lv.28,tech,Unsigned,5.75,,,
115247,AXION 4K Extra Lv.24,speed,Unsigned,4.75,,,
115283,Danken no Goku 4K Hard Lv.23,tech,Unsigned,4.06,,,
115285,Danken no Goku 4K Maximum Lv.27,stamina,Unsigned,5.75,,,
115286,Lemegeton -little key of solomon- 4K MASTER Lv.30,stamina,Unsigned,6.37,,,
115350,SINister Evolution 4K Hard Lv.24,speed,Unsigned,4.75,,,
115398,Lemegeton -little key of solomon- 4K EXPERT Lv.26,stamina,Unsigned,4.75,,,
115748,Danza Aestas 4K Another Lv.25,stamina,Unsigned,4.75,,,
115779,おにけもだんす 4K Expert Lv.23,jack,Unsigned,4.06,,,
115815,Colorful Dreams! Colorful Smiles! 4K Normal Lv.14,stamina,Unsigned,0.49,,,
115866,乱膳の舞姫 4K Another Lv.26,stamina,Unsigned,4.75,,,
115910,神 4K EXPERT Lv.28,stamina,Unsigned,5.75,,,
115928,MarbleBlue. 4K MASTER Lv.26,stamina,Unsigned,4.75,,,
116004,A Lasting Promise 4K MAXIMUM Lv.29,speed,Unsigned,5.8,,,
116020,お約束→ハッピーエンド！ 4K Hyper Lv.14,stamina,Unsigned,0.49,,,
116114,AgraiA 4K Hard Lv.22,tech,Unsigned,3.41,,,
116115,AgraiA 4K Normal Lv.14,stamina,Unsigned,0.49,,,
116220,The Show’s Over 4K Normal Lv.16,tech,Unsigned,1.57,,,
116221,The Show’s Over 4K Hard Lv.22,tech,Unsigned,3.41,,,
116222,The Show’s Over 4K Another Lv.28,stamina,Unsigned,5.75,,,
116346,I Want U 4K Normal Lv.16,speed,Unsigned,1.57,,,
116367,FUJIN Rumble 4K Extra Lv.25,stamina,Unsigned,4.75,,,
116418,TAKEMIKADUCHI 4K Another Lv.25,stamina,Unsigned,4.75,,,
116426,Möbius 4K Loop Lv.30,speed,Unsigned,6.37,,,
116491,ANU 4K MASTER Lv.32,speed,Unsigned,7.75,,,
116492,ANU 4K EXPERT Lv.26,tech,Unsigned,4.75,,,
116515,AXION 4K Another Lv.25,speed,Unsigned,4.75,,,
116575,Sennen no Kotowari 4K MX(Biemake with HXJ) Lv.22,stamina,Unsigned,3.41,,,
116678,Continuous Moment 4K _rak_'s MAXIMUM Lv.26,stamina,Unsigned,4.75,,,
116936,Möbius 4K Extra Lv.33,speed,Unsigned,7.75,,,
117088,Tsugai Kogarashi-2019- 4K MX Lv.24,stamina,Unsigned,4.75,,,
117095,StrayedCatz 4K SPECIAL Lv.31,stamina,Unsigned,7.75,,,
117096,StrayedCatz 4K HARD Lv.24,tech,Unsigned,4.75,,,
117110,Parad'ox 4K Expert Lv.23,speed,Unsigned,4.06,,,
117116,Emptiness 4K Hard Lv.27,speed,Unsigned,5.75,,,
117159,PUNISHER 4K Another __ Neo Lv.31,jack,Unsigned,7.75,,,
117263,ピアノ独奏無言歌 _灰燼_ 4K EXCEED Lv.34,speed,Unsigned,7.93,,,
117320,ピアノ独奏無言歌 _灰燼_ 4K EXHAUST Lv.21,tech,Unsigned,3.25,,,
117394,ピアノ独奏無言歌 _灰燼_ 4K MAXIMUM Lv.27,speed,Unsigned,5.75,,,
117408,Ahoy!! Warera Houshou Kaizokudan_ 4K Expert Lv.23,stamina,Unsigned,4.06,,,
117442,Spark!e 4K Extreme Lv.28,stamina,Unsigned,5.75,,,
117507,Yuuyake no Red Parade 4K Master Lv.32,speed,Unsigned,7.75,,,
117774,Emptiness 4K Medium Lv.21,tech,Unsigned,3.25,,,
117832,Don't Never Around 4K Insane Lv.26,stamina,Unsigned,4.75,,,
117920,Valedict 4K MX Lv.26,tech,Unsigned,4.75,,,
117921,Valedict 4K HD Lv.17,tech,Unsigned,2.11,,,
117975,keep on running 4K Extra Lv.27,speed,Unsigned,5.75,,,
117993,Swift Swing 4K Re_MASTER Lv.29,tech,Unsigned,5.8,,,
117998,Swift Swing 4K MASTER Lv.28,speed,Unsigned,5.75,,,
118014,Swift Swing 4K EXPERT Lv.23,tech,Unsigned,4.06,,,
118022,Spark!e 4K Insane Lv.24,stamina,Unsigned,4.75,,,
118054,Anguished Unmaking 4K Hard Lv.22,speed,Unsigned,3.41,,,
118216,CITRUS MONSTER 4K EXPERT Lv.26,speed,Unsigned,4.75,,,
118240,NOT YOUR IDOL 4K Hard Lv.25,stamina,Unsigned,4.75,,,
118350,CITRUS MONSTER 4K ADVANCED Lv.18,speed,Unsigned,2.64,,,
118368,POTENTIAL 4K MASTER Lv.27,stamina,Unsigned,5.75,,,
118382,POTENTIAL 4K ULTIMA Lv.31,stamina,Unsigned,7.75,,,
118447,ZEPHYRANTHES 4K ADVANCED Lv.23,speed,Unsigned,4.06,,,
118673,9876734123 4K 3)(7124 Lv.28,stamina,Unsigned,5.75,,,
118787,εxceζ 4K Another Lv.30,stamina,Unsigned,6.37,,,
118844,Op.I _fear-TITAN-_ 4K Re_MASTER Lv.33,speed,Unsigned,7.75,,,
118861,Op.I _fear-TITAN-_ 4K MASTER Lv.27,tech,Unsigned,5.75,,,
118862,Op.I _fear-TITAN-_ 4K EXPERT Lv.22,speed,Unsigned,3.41,,,
119057,MATOI -phase L- 4K Master Lv.27,stamina,Unsigned,5.75,,,
119061,BabeL ～MODEL DD101〜 4K Hyper Lv.26,speed,Unsigned,4.75,,,
119204,Qliphothgear 4K MASTER Lv.28,stamina,Unsigned,5.75,,,
119256,εxceζ 4K Hard Lv.24,tech,Unsigned,4.75,,,
119294,εxceζ 4K Normal Lv.18,tech,Unsigned,2.64,,,
119305,Apollo 4K LUNAR ECLIPSE Lv.36,stamina,Unsigned,9.04,,,
119448,Clockwork girl 4K Coquelicot Lv.24,stamina,Unsigned,4.75,,,
119583,BabeL ～MODEL DD101〜 4K EX Lv.33,speed,Unsigned,7.75,,,
119625,終の舞姫 4K MEGA Lv.26,speed,Unsigned,4.75,,,
119698,Qlifact -another- 4K Another Lv.26,stamina,Unsigned,4.75,,,
119751,Creigis 4K Another Lv.30,stamina,Unsigned,6.37,,,
119761,バグ 4K Normal Lv.17,speed,Unsigned,2.11,,,
119918,光風霽月 4K MAXIMUM Lv.26,stamina,Unsigned,4.75,,,
119926,光風霽月 4K EXCEED Lv.27,speed,Unsigned,5.75,,,
119928,紫陽花 -AZISAI- 4K Another Lv.29,stamina,Unsigned,5.8,,,
119929,紫陽花 -AZISAI- 4K Hyper Lv.23,tech,Unsigned,4.06,,,
119941,Emulisy 4K Black Another Lv.29,stamina,Unsigned,5.8,,,
120097,INDETERMINATE UNIVERSE 4K Extra Lv.24,jack,Unsigned,4.75,,,
120209,Op.I《fear-TITΛN-》 4K Hyper Lv.25,stamina,Unsigned,4.75,,,
120250,DA'AT -The First Seeker of Souls- 4K MASTER Lv.34,stamina,Unsigned,7.93,,,
120370,DA'AT -The First Seeker of Souls- 4K EXPERT Lv.27,speed,Unsigned,5.75,,,
120377,シオカラスプラッシュ 4K Another Lv.25,speed,Unsigned,4.75,,,
120521,Ba Huang ~The Glorious World~ 4K Extra_Side_A Lv.32,stamina,Unsigned,7.75,,,
120526,Ba Huang ~The Glorious World~ 4K Another Lv.24,stamina,Unsigned,4.75,,,
120527,Ba Huang ~The Glorious World~ 4K Insane Lv.27,speed,Unsigned,5.75,,,
120528,Ba Huang ~The Glorious World~ 4K Extra_Side_B Lv.34,stamina,Unsigned,7.93,,,
120564,雪月花 -さわわRemix- 4K EXHAUST Lv.28,stamina,Unsigned,5.75,,,
120565,雪月花 -さわわRemix- 4K ADVANCED Lv.20,tech,Unsigned,3.25,,,
120614,Necroxus 4K Hard Lv.27,tech,Unsigned,5.75,,,
120685,ZENITHALIZE 4K Another Lv.29,stamina,Unsigned,5.8,,,
120695,The Endless for Traveler 4K UwU Lv.22,stamina,Unsigned,3.41,,,
120697,The Endless for Traveler 4K OwO Lv.18,stamina,Unsigned,2.64,,,
120735,海恋華 4K Another Lv.24,stamina,Unsigned,4.75,,,
120760,灰色のサーガ 4K Ashen Lv.17,stamina,Unsigned,2.11,,,
120831,アルカリレットウセイ 4K Normal Lv.14,stamina,Unsigned,0.49,,,
121148,ねぇ、壊れタ人形ハ何処へ棄テらレるノ？ 4K EXPERT Lv.25,stamina,Unsigned,4.75,,,
121388,MATOI -phase L- 4K Master (Full ver.) Lv.27,speed,Unsigned,5.75,,,
121509,MALKUTH -The Last Ruler of Terrestrials- 4K EXPERT Lv.27,speed,Unsigned,5.75,,,
121735,Ängstlicher Vermeidender 4K Hard Lv.25,speed,Unsigned,4.75,,,
122170,Inixia 4K Infinity Lv.28,stamina,Unsigned,5.75,,,
122233,Leonids 4K Insane -Algieba- Lv.33,speed,Unsigned,7.75,,,
122242,Cypress Burst 4K Extra Lv.32,speed,Unsigned,7.75,,,
122245,Cypress Burst 4K Hyper Lv.23,speed,Unsigned,4.06,,,
122246,Cypress Burst 4K Normal Lv.16,tech,Unsigned,1.57,,,
122443,イルミナティ 4K New Order Lv.34,stamina,Unsigned,7.93,,,
122453,Invisible Frenzy 4K HARD Lv.20,speed,Unsigned,3.25,,,
122548,Unwelcome School (t+pazolite Remix) 4K Normal Lv.10,tech,Unsigned,-0.59,,,
122563,ディスコルディア 4K Advanced Lv.26,stamina,Unsigned,4.75,,,
123017,R.I.P. 4K Normal Lv.19,speed,Unsigned,3.18,,,
123018,R.I.P. 4K Hard Lv.26,speed,Unsigned,4.75,,,
123177,Omega Ax 4K EXTRA Lv.29,stamina,Unsigned,5.8,,,
123178,Omega Ax 4K HARD Lv.22,stamina,Unsigned,3.41,,,
123209,NOT YOUR IDOL 4K Normal Lv.17,tech,Unsigned,2.11,,,
123292,Apollo 4K LUNATIC Lv.31,tech,Unsigned,7.75,,,
123293,Apollo 4K EXPERT Lv.27,tech,Unsigned,5.75,,,
123399,光焔のラテラルアーク 4K MASTER Lv.26,tech,Unsigned,4.75,,,
123457,BiBiC HEART 4K Expert Lv.26,stamina,Unsigned,4.75,,,
123516,ZENITHALIZE 4K Hyper Lv.24,speed,Unsigned,4.75,,,
123517,ZENITHALIZE 4K Normal Lv.17,tech,Unsigned,2.11,,,
123518,ZENITHALIZE 4K Beginner Lv.10,tech,Unsigned,-0.59,,,
123638,Shining Wizard 4K Extreme Lv.26,stamina,Unsigned,4.75,,,
123809,Shining Wizard 4K Advanced Lv.19,tech,Unsigned,3.18,,,
123921,subconsciousness 4K Another Lv.23,speed,Unsigned,4.06,,,
123922,subconsciousness 4K Hyper Lv.16,stamina,Unsigned,1.57,,,
124298,graduation 4K MAXIMUM Lv.26,tech,Unsigned,4.75,,,
124798,Final Hope 4K Ultra Lv.24,tech,Unsigned,4.75,,,
124806,Restricted Access 4K EXTINCTION Lv.33,speed,Unsigned,7.75,,,
124833,Restricted Access 4K MASSIVE Lv.26,speed,Unsigned,4.75,,,
124834,Restricted Access 4K INVADED Lv.17,speed,Unsigned,2.11,,,
124883,イルミナティ 4K Another Lv.27,stamina,Unsigned,5.75,,,
125024,T+ VS SHARK 4K Purity Lv.30,stamina,Unsigned,6.37,,,
125251,光焔のラテラルアーク 4K EXPERT Lv.23,speed,Unsigned,4.06,,,
125520,ダーリンダンス 4K Desire Lv.18,speed,Unsigned,2.64,,,
125586,Lancelot ～Flame of the Rebellion～ 4K MAXIMUM Lv.25,stamina,Unsigned,4.75,,,
125661,Khionos TiARA 4K HEAVENLY Lv.30,stamina,Unsigned,6.37,,,
125680,Relyna 4K Hyper+ Lv.27,stamina,Unsigned,5.75,,,
125689,Relyna 4K Another Lv.29,stamina,Unsigned,5.8,,,
125709,lost 4K Death Lv.26,speed,Unsigned,4.75,,,
125710,lost 4K Robots Lv.34,tech,Unsigned,7.93,,,
125723,Epistrofi 4K Black Another Lv.33,speed,Unsigned,7.75,,,
125724,Epistrofi 4K Another Lv.26,tech,Unsigned,4.75,,,
125733,Le Porteur d'Ombre 4K Lightless Lv.31,stamina,Unsigned,7.75,,,
125771,Le Porteur d'Ombre 4K Another Lv.29,speed,Unsigned,5.8,,,
125808,Khionos TiARA 4K MAXIMUM Lv.28,stamina,Unsigned,5.75,,,
125974,Shuten Douji 4K Expert Lv.27,stamina,Unsigned,5.75,,,
125995,T+ VS SHARK 4K Skirmish Lv.25,stamina,Unsigned,4.75,,,
126007,Le Porteur d'Ombre 4K Hyper Lv.25,tech,Unsigned,4.75,,,
126311,]-[__34_#! 4K Easy Lv.14,stamina,Unsigned,0.49,,,
126313,]-[__34_#! 4K Hard Lv.25,stamina,Unsigned,4.75,,,
126501,Puberty Dysthymia 4K Master Lv.28,stamina,Unsigned,5.75,,,
126522,Puberty Dysthymia 4K Expert Lv.21,stamina,Unsigned,3.25,,,
126706,]-[__34_#! 4K Lunatic Lv.34,jack,Unsigned,7.93,,,
126711,幻想曲第1番 -Furie- 4K Hard Lv.24,speed,Unsigned,4.75,,,
126734,Makear 4K ULTIMA Lv.36,stamina,Unsigned,9.04,,,
126804,Pump It 4K Normal Lv.17,tech,Unsigned,2.11,,,
126806,Pump It 4K Hard Lv.23,speed,Unsigned,4.06,,,
126829,Makear 4K MASTER Lv.30,tech,Unsigned,6.37,,,
126938,Operation☆DOTABATA 4K NyanCat Lv.24,stamina,Unsigned,4.75,,,
127024,Pump It 4K Exciting Lv.27,stamina,Unsigned,5.75,,,
127160,盟月 4K MASTER Lv.27,stamina,Unsigned,5.75,,,
127263,天照らす律動 4K Another Lv.28,stamina,Unsigned,5.75,,,
127370,Anisakis -somatic mutation type _Forza_- 4K Hard Lv.26,stamina,Unsigned,4.75,,,
127372,Thanatos 4K MAXIMUM Lv.32,stamina,Unsigned,7.75,,,
127375,Thanatos 4K EXHAUST Lv.26,speed,Unsigned,4.75,,,
127530,白花の天使 4K MASTER Lv.32,stamina,Unsigned,7.75,,,
127587,Postliminium 4K Insane Lv.27,tech,Unsigned,5.75,,,
127604,Ready For It_ 4K Normal Lv.16,tech,Unsigned,1.57,,,
127605,Ready For It_ 4K Hard Lv.21,jack,Unsigned,3.25,,,
127722,白花の天使 4K EXPERT Lv.27,stamina,Unsigned,5.75,,,
127753,Inixia 4K Insane Lv.22,speed,Unsigned,3.41,,,
127804,Setsugekka 4K Another Lv.23,speed,Unsigned,4.06,,,
127805,Setsugekka 4K Hyper Lv.16,tech,Unsigned,1.57,,,
127840,Head BONK ache 4K BONK Lv.25,stamina,Unsigned,4.75,,,
128019,《Re_miniscence》 4K EXCEED Lv.34,stamina,Unsigned,7.93,,,
128024,《Re_miniscence》 4K MAXIMUM Lv.27,tech,Unsigned,5.75,,,
128079,The Lady is a Trump 4K Joker Lv.34,stamina,Unsigned,7.93,,,
128343,Last Farewell 4K Farewell Lv.27,stamina,Unsigned,5.75,,,
128413,Avalanche 4K Another Lv.27,stamina,Unsigned,5.75,,,
128423,Avalanche 4K Hyper Lv.22,speed,Unsigned,3.41,,,
128545,Unwelcome School 4K Hardcore Lv.25,stamina,Unsigned,4.75,,,
128659,ぱぴぷぴぷぴぱ 4K Hard Lv.26,stamina,Unsigned,4.75,,,
128668,Reb∞t 4K MAXIMUM Lv.28,jack,Unsigned,5.75,,,
128860,Final Hope 4K Master Lv.27,tech,Unsigned,5.75,,,
128947,天照らす律動 4K Expert Lv.27,stamina,Unsigned,5.75,,,
129130,ラケシスと永遠の祈祷者 4K Atropos Lv.30,stamina,Unsigned,6.37,,,
129131,ラケシスと永遠の祈祷者 4K Lachesis Lv.25,speed,Unsigned,4.75,,,
129199,Pump It 4K Extraodinary Lv.30,speed,Unsigned,6.37,,,
129227,天照らす律動 4K De4's HIDDEN Lv.33,stamina,Unsigned,7.75,,,
129292,ソワカの声 4K tasuketedareka Lv.36,speed,Unsigned,9.04,,,
129317,Prometheus 4K Master Lv.29,tech,Unsigned,5.8,,,
129488,Access Denied 4K EXTINCTION Lv.33,speed,Unsigned,7.75,,,
129512,Prometheus 4K Expert Lv.24,tech,Unsigned,4.75,,,
129534,EncorE & cALL 4K EXHAUST Lv.29,speed,Unsigned,5.8,,,
129548,C H A O S 4K Hard Lv.26,tech,Unsigned,4.75,,,
129630,Khronostasis Katharsis 4K Insane Lv.23,speed,Unsigned,4.06,,,
129672,Sentimental Surge 4K Outburst(Full ver.) Lv.31,stamina,Unsigned,7.75,,,
129702,Sentimental Surge 4K Another Lv.27,stamina,Unsigned,5.75,,,
129776,Access Denied 4K MASSIVE Lv.25,speed,Unsigned,4.75,,,
130021,fission 4K Giga Lv.27,speed,Unsigned,5.75,,,
130198,black bullet 4K HD Lv.22,stamina,Unsigned,3.41,,,
130252,Heracles 4K Hard Lv.25,speed,Unsigned,4.75,,,
130270,Hainuwele 4K EXPERT Lv.24,stamina,Unsigned,4.75,,,
130361,C H A O S 4K KillS Lv.31,tech,Unsigned,7.75,,,
130523,「白亜の予告状～虚飾の館と美学の在り処～」Theme 1 4K White Another Lv.25,speed,Unsigned,4.75,,,
130568,Don't Never Around 4K Another Lv.28,stamina,Unsigned,5.75,,,
130703,KUGUTSU 4K Extra Lv.35,stamina,Unsigned,8.79,,,
130704,KUGUTSU 4K Chaos Master Lv.37,stamina,Unsigned,10.25,,,
130705,KUGUTSU 4K Insane Lv.26,tech,Unsigned,4.75,,,
130787,Khronostasis Katharsis 4K Hard Lv.17,speed,Unsigned,2.11,,,
131040,Shiensousen 4K MAXIMUM Lv.32,speed,Unsigned,7.75,,,
131055,Shiensousen 4K EXHAUST Lv.27,stamina,Unsigned,5.75,,,
131057,Flying Castle 4K Another Lv.29,stamina,Unsigned,5.8,,,
131177,Red Liberation 4K Hard Lv.21,jack,Unsigned,3.25,,,
131239,THE HEAVEN 4K MAXIMUM Lv.28,stamina,Unsigned,5.75,,,
131240,赫焉 4K EXHAUST Lv.25,stamina,Unsigned,4.75,,,
131314,Galactic D-SavioR 4K Hyper Lv.28,stamina,Unsigned,5.75,,,
131394,大和撫子 -Wild Dances- 4K WILD DANCES Lv.24,speed,Unsigned,4.75,,,
131395,大和撫子 -Wild Dances- 4K Twilight Lv.15,tech,Unsigned,1.03,,,
131409,Yamato nadeshiko -Wild Dances- 4K Another Lv.22,speed,Unsigned,3.41,,,
131544,Mistress Ann ni hanataba wo 4K Epiphyllum Lv.14,speed,Unsigned,0.49,,,
131578,Revolution 4K Resolution Lv.33,speed,Unsigned,7.75,,,
131608,Viyella's Tears 4K Fuburin's Re_Master Lv.34,stamina,Unsigned,7.93,,,
131623,Shoujo Gensou ~Necro-Fantasy 4K MX ver.2023 Lv.25,stamina,Unsigned,4.75,,,
131782,Chaotic Ørder 4K CHAOS Lv.33,stamina,Unsigned,7.75,,,
131872,閠槞彁の願い 4K Another Lv.33,stamina,Unsigned,7.75,,,
131873,閠槞彁の願い 4K Hyper Lv.27,speed,Unsigned,5.75,,,
131980,Mazy Metroplex 4K Another Lv.26,stamina,Unsigned,4.75,,,
131981,Mazy Metroplex 4K Hyper Lv.21,stamina,Unsigned,3.25,,,
131982,Mazy Metroplex 4K Normal Lv.17,tech,Unsigned,2.11,,,
131991,QQ 4K WeChat Lv.20,speed,Unsigned,3.25,,,
131992,QQ 4K QQphobia Lv.30,tech,Unsigned,6.37,,,
132059,Seisou Bakuretsu Boy (EcstasyVersion) 4K Normal Lv.13,stamina,Unsigned,-0.02,,,
132060,Seisou Bakuretsu Boy (EcstasyVersion) 4K Easy Lv.7,speed,Unsigned,-1.16,,,
132076,Waterfall 4K Upstream Lv.25,stamina,Unsigned,4.75,,,
132095,Origami Dragon 4K Another Lv.25,stamina,Unsigned,4.75,,,
132182,Chaotic Ørder 4K MASTER Lv.28,stamina,Unsigned,5.75,,,
132205,To：Be Continued 4K MASTER Lv.28,speed,Unsigned,5.75,,,
132336,Manimani 4K You're Lv.18,tech,Unsigned,2.64,,,
132337,"Manimani 4K Crazy, too Lv.27",stamina,Unsigned,5.75,,,
132344,What the devils_____ 4K What the angel____ Lv.30,speed,Unsigned,6.37,,,
132351,Legend 4K SHD ver.2023 Lv.28,speed,Unsigned,5.75,,,
132530,Plasma Sphere 4K SC Lv.27,jack,Unsigned,5.75,,,
132532,Plasma Sphere 4K HD Lv.15,speed,Unsigned,1.03,,,
132692,Heracles 4K Normal Lv.18,speed,Unsigned,2.64,,,
132694,To：Be Continued 4K EXPERT Lv.25,tech,Unsigned,4.75,,,
132906,Xeroize 4K Expert Lv.28,tech,Unsigned,5.75,,,
132907,Xeroize 4K Hard Lv.22,speed,Unsigned,3.41,,,
132910,Xeroize 4K Medium Lv.17,speed,Unsigned,2.11,,,
133001,Alea jacta est! 4K Hard Lv.24,stamina,Unsigned,4.75,,,
133029,ドゥサンコオデッセイ!! 4K EXHAUST Lv.26,stamina,Unsigned,4.75,,,
133166,ヒュブリスの頂に聳えるのは 4K Another Lv.24,stamina,Unsigned,4.75,,,
133191,Fluctuation 4K Another Lv.30,tech,Unsigned,6.37,,,
133198,The Lady is a Trump 4K King Lv.24,tech,Unsigned,4.75,,,
133254,Fluctuation 4K Hyper Lv.26,speed,Unsigned,4.75,,,
133314,ミラージュ・フレイグランス 4K LUNATIC Lv.29,stamina,Unsigned,5.8,,,
133413,Melonaid 4K Hard Lv.23,tech,Unsigned,4.06,,,
133462,Apocalypse 4K Expert Lv.32,stamina,Unsigned,7.75,,,
133525,Don't Fight The Music 4K EXPERT Lv.26,stamina,Unsigned,4.75,,,
133650,Apocalypse 4K Hard Lv.24,speed,Unsigned,4.75,,,
133710,ミラージュ・フレイグランス 4K ADVANCED Lv.17,tech,Unsigned,2.11,,,
133878,AO-∞ 4K Insane Lv.25,speed,Unsigned,4.75,,,
133939,Daydreama 4K MASTER Lv.26,stamina,Unsigned,4.75,,,
133962,Daydreama 4K EXPERT Lv.21,stamina,Unsigned,3.25,,,
134024,Bling-Bang-Bang-Born (TV Size) 4K HD Lv.20,speed,Unsigned,3.25,,,
134103,How To Make 音ゲ～曲！ 4K Insane Lv.26,stamina,Unsigned,4.75,,,
134202,Arcana 4K Hyper Lv.14,tech,Unsigned,0.49,,,
134203,Arcana 4K Another Lv.21,speed,Unsigned,3.25,,,
134439,U.N.オーエンは彼女なのか？ 4K Expert Lv.24,tech,Unsigned,4.75,,,
134737,疾風怒濤 4K Vortex Lv.34,speed,Unsigned,7.93,,,
134740,Campanella 4K Galactic Lv.34,stamina,Unsigned,7.93,,,
134846,Distorted Heavens 4K Heavens Lv.28,stamina,Unsigned,5.75,,,
134873,χ談 4K Plz’s Oni Lv.29,speed,Unsigned,5.8,,,
134988,Crush Expert 4K Expert Lv.27,stamina,Unsigned,5.75,,,
135001,すべてが幻になった後で 4K Utopia Lv.35,speed,Unsigned,8.79,,,
135003,随神 4K MAXIMUM Lv.32,stamina,Unsigned,7.75,,,
135181,すべてが幻になった後で 4K Fantasy Lv.27,tech,Unsigned,5.75,,,
135337,すべてが幻になった後で 4K Divine Lv.31,tech,Unsigned,7.75,,,
135354,Alt Futur 4K Hard Lv.24,stamina,Unsigned,4.75,,,
135399,APØCALYPSE RAY 4K ADVANCED Lv.21,stamina,Unsigned,3.25,,,
135407,Campanella 4K Hard Lv.22,stamina,Unsigned,3.41,,,
135522,APØCALYPSE RAY 4K EXHAUST Lv.27,stamina,Unsigned,5.75,,,
135622,Campanella 4K Insane Lv.30,tech,Unsigned,6.37,,,
135630,Crush Expert 4K Hard Lv.17,speed,Unsigned,2.11,,,
135695,Sparking Revolver 4K MASTER Lv.28,stamina,Unsigned,5.75,,,
135762,White Stream 4K MAXIMUM Lv.33,jack,Unsigned,7.75,,,
135867,Angel Halo 4K Expert Lv.27,stamina,Unsigned,5.75,,,
135868,Angel Halo 4K Hard Lv.23,tech,Unsigned,4.06,,,
135884,Violet Rose 4K Another Lv.24,stamina,Unsigned,4.75,,,
135885,Violet Rose 4K Hyper Lv.21,speed,Unsigned,3.25,,,
135886,Violet Rose 4K Normal Lv.17,speed,Unsigned,2.11,,,
135899,Calamity Tempest 4K MAXIMUM LV.33,jack,Unsigned,7.75,,,
135921,Calamity Tempest 4K Extra LV.27,stamina,Unsigned,5.75,,,
135949,Fractured Heaven 4K Anguish Lv.38,speed,Unsigned,10.43,,,
135986,Glimmering 4K Goldenglow Lv.29,speed,Unsigned,5.8,,,
135987,Glimmering 4K Sparkle Lv.26,speed,Unsigned,4.75,,,
135999,Glimmering 4K Dim Light Lv.18,tech,Unsigned,2.64,,,
136006,Diastrophism 4K Insane Lv.29,stamina,Unsigned,5.8,,,
136025,Diastrophism 4K Another Lv.25,tech,Unsigned,4.75,,,
136314,TUTORIAL ON HOW TO TWERK 4K Step 3_ Start Your Action Lv.22,stamina,Unsigned,3.41,,,
136323,LegenD. 4K GRAVITY Lv.35,stamina,Unsigned,8.79,,,
136336,Train of Thought 4K Choo-choo-chah Lv.32,speed,Unsigned,7.75,,,
136344,FINAL BLENDERMAN APPEARED. (feat. RichaadEB) 4K INSANE Lv.24,stamina,Unsigned,4.75,,,
136539,Push Up (Main Edit) 4K Hard Lv.21,stamina,Unsigned,3.25,,,
136601,JOMANDA 4K Extreme Lv.31,stamina,Unsigned,7.75,,,
136651,JOMANDA 4K Advanced Lv.27,stamina,Unsigned,5.75,,,
136652,JOMANDA 4K Normal Lv.19,speed,Unsigned,3.18,,,
136655,Megastructure 4K Dreamland Lv.28,speed,Unsigned,5.75,,,
136704,Megastructure 4K Paradise Lv.26,tech,Unsigned,4.75,,,
136737,Time to beat the odds 4K Hard Lv.27,stamina,Unsigned,5.75,,,
136933,LegenD. 4K EXHAUST LV.23,stamina,Unsigned,4.06,,,
136935,LegenD. 4K MAXIMUM LV.29,stamina,Unsigned,5.8,,,
136944,すべてが幻になった後で 4K Another Take Lv.34,tech,Unsigned,7.93,,,
136960,粉骨砕身カジノゥ 4K MASTER+ Lv.28,stamina,Unsigned,5.75,,,
136964,Breakneck Pursuit 4K MAXIMUM LV.28,stamina,Unsigned,5.75,,,
136989,Everybody Knows 4K Normal Lv.19,tech,Unsigned,3.18,,,
137032,DEUX EX MĀXHINĀ 4K EXCEED Lv.37,stamina,Unsigned,10.25,,,
137040,Everybody Knows 4K Hard Lv.24,stamina,Unsigned,4.75,,,
137041,Everybody Knows 4K Maximum Lv.27,stamina,Unsigned,5.75,,,
137138,DEUX EX MĀXHINĀ 4K MAXIMUM Lv.33,stamina,Unsigned,7.75,,,
137266,Insomnia 4K Crazy Lv.27,speed,Unsigned,5.75,,,
137292,U.N.オーエンは彼女なのか？ 4K Hard Lv.18,tech,Unsigned,2.64,,,
137307,DEUX EX MĀXHINĀ 4K EXHAUST Lv.28,stamina,Unsigned,5.75,,,
137548,Checkmate 4K Sacrifice Lv.24,speed,Unsigned,4.75,,,
137588,In Black & White 4K Another Lv.29,stamina,Unsigned,5.8,,,
137589,In Black & White 4K Original.Ver Lv.30,tech,Unsigned,6.37,,,
137593,New World 4K Hyper Lv.18,stamina,Unsigned,2.64,,,
137614,ILLEGAL LEGACY 4K Insane Lv.30,stamina,Unsigned,6.37,,,
137702,Checkmate 4K Deflection Lv.33,stamina,Unsigned,7.75,,,
137840,Checkmate 4K Skewer Lv.18,tech,Unsigned,2.64,,,
137973,遠い世界の時と空 4K Sora Lv.19,stamina,Unsigned,3.18,,,
138058,Entropic EnĤαncemEnt 4K EXCEED Lv.36,stamina,Unsigned,9.04,,,
138202,Credits 4K Normal Lv.16,tech,Unsigned,1.57,,,
138226,Entropic EnĤαncemEnt 4K MAXIMUM Lv.33,stamina,Unsigned,7.75,,,
138488,Kaidan 4K Daitatsujin Lv.35,stamina,Unsigned,8.79,,,
138494,雪男 4K WORLD'S END Lv.34,speed,Unsigned,7.93,,,
138495,雪男 4K MASTER Lv.27,stamina,Unsigned,5.75,,,
138501,Nyarlathotep's Dreamland 4K Hard Lv.28,tech,Unsigned,5.75,,,
138506,Eternally 4K Eternally Lv.31,speed,Unsigned,7.75,,,
138593,Entropic EnĤαncemEnt 4K EXHAUST Lv.27,tech,Unsigned,5.75,,,
138627,Cørrūptêd + GūardiaÑ 4K Prosperous Lv.28,speed,Unsigned,5.75,,,
138798,Unknown Territory 4K Leggendaria Lv.33,jack,Unsigned,7.75,,,
138799,Unknown Territory 4K Black Another Lv.28,jack,Unsigned,5.75,,,
138800,Unknown Territory 4K Another Lv.27,stamina,Unsigned,5.75,,,
138801,Unknown Territory 4K Hyper Lv.24,speed,Unsigned,4.75,,,
138966,Nyarlathotep's Dreamland 4K Easy Lv.9,tech,Unsigned,-0.78,,,
139151,十の試煉 4K EXHAUST Lv.28,stamina,Unsigned,5.75,,,
139274,Aqua Stars 4K Daybreak Lv.25,speed,Unsigned,4.75,,,
139333,sølips 4K sølips Lv.29,stamina,Unsigned,5.8,,,
139486,Poppy 4K Poppy Lv.30,stamina,Unsigned,6.37,,,
139547,2019 Megamix 4K Megachart Lv.31,tech,Unsigned,7.75,,,
139595,Rrhar'il 4K Another Lv.32,stamina,Unsigned,7.75,,,
139799,Rrhar'il 4K Insane Lv.26,stamina,Unsigned,4.75,,,
139869,Rrhar'il 4K Calamity Lv.35,stamina,Unsigned,8.79,,,
140156,Heart Pie Dancehall 4K Normal Lv.18,stamina,Unsigned,2.64,,,
140177,Nyarlathotep's Dreamland 4K Black Another Lv.32,stamina,Unsigned,7.75,,,
140195,Fractured Heaven 4K Another Lv.32,speed,Unsigned,7.75,,,
140320,PHOTON BLAXT 4K MAXIMUM LV.29,stamina,Unsigned,5.8,,,
140407,BAYONEX 4K MAXIMUMX (_Xtrablast _ V1.1_ Long ver.) Lv.37,speed,Unsigned,10.25,,,
140455,Infiltration 4K Hard Lv.26,stamina,Unsigned,4.75,,,
140682,Infiltration 4K Normal Lv.18,tech,Unsigned,2.64,,,
140761,BLVNK VIP 4K Insane Lv.26,stamina,Unsigned,4.75,,,
140860,Away 4K Expert Lv.24,tech,Unsigned,4.75,,,
140932,氷滅の135小節 4K MASTER Lv.28,stamina,Unsigned,5.75,,,
141104,氷滅の135小節 4K HARD Lv.22,stamina,Unsigned,3.41,,,
141216,LOSHAXI 4K Insane Lv.33,stamina,Unsigned,7.75,,,
141222,Acid God 4K MASTER Lv.25,speed,Unsigned,4.75,,,
141359,勇者 4K Memory Lv.23,speed,Unsigned,4.06,,,
141377,Paradizm 4K Another Lv.28,jack,Unsigned,5.75,,,
141378,Paradizm 4K Hyper Lv.19,speed,Unsigned,3.18,,,
141411,WORLDINVADER 4K Expert Lv.26,stamina,Unsigned,4.75,,,
141429,Untrodden Morn 4K Special Lv.25,stamina,Unsigned,4.75,,,
141623,mending elytra 4K Insane Lv.25,stamina,Unsigned,4.75,,,
141910,LOSHAXI 4K Another Lv.26,tech,Unsigned,4.75,,,
142157,epitaxy 4K Epitaxy Lv.28,stamina,Unsigned,5.75,,,
142439,烏兎 4K Invasion Lv.18,tech,Unsigned,2.64,,,
142800,Boulafacet 4K Collapse Lv.27,tech,Unsigned,5.75,,,
143022,Giselle 4K Albercht Lv.32,tech,Unsigned,7.75,,,
143035,WORM RAVE 4K Extra RAVE Lv.35,speed,Unsigned,8.79,,,
143205,キバナリュウゲ 4K Normal Lv.16,speed,Unsigned,1.57,,,
143208,WORM RAVE 4K Insane Lv.27,speed,Unsigned,5.75,,,
143259,Crank Up 4K MEGA Lv.29,jack,Unsigned,5.8,,,
143260,Crank Up 4K CASUAL Lv.7,speed,Unsigned,-1.16,,,
143267,WORM RAVE 4K Hard Lv.19,stamina,Unsigned,3.18,,,
143301,宙天 4K Re_Master Lv.33,tech,Unsigned,7.75,,,
143304,we make a good team 4K What is Love__Insane Lv.27,jack,Unsigned,5.75,,,
143332,POLYBIUS GB SPEEDRUN -Glitchless 100% WR in 0_03_57- 4K Insane Lv.33,stamina,Unsigned,7.75,,,
143335,POLYBIUS GB SPEEDRUN -Glitchless 100% WR in 0_03_57- 4K Expert Lv.27,tech,Unsigned,5.75,,,
143432,宙天 4K Master Lv.26,tech,Unsigned,4.75,,,
143469,雨露霜雪 4K EXPERT Lv.27,speed,Unsigned,5.75,,,
143511,Heart of Witch 4K HD Lv.26,stamina,Unsigned,4.75,,,
143516,Palette Lab 4K Black Another Lv.29,tech,Unsigned,5.8,,,
143631,cold planet (Oceanfront City Remix) 4K Normal Lv.14,tech,Unsigned,0.49,,,
143632,cold planet (Oceanfront City Remix) 4K Hyper Lv.22,stamina,Unsigned,3.41,,,
143655,Stellar_Dream 4K Dreamy Lv.26,jack,Unsigned,4.75,,,
143702,キバナリュウゲ 4K Another Lv.28,tech,Unsigned,5.75,,,
143787,Life is beautiful 4K Black Another Lv.31,stamina,Unsigned,7.75,,,
143790,Life is beautiful 4K Hyper Lv.17,tech,Unsigned,2.11,,,
143793,Life is beautiful 4K Another Lv.27,stamina,Unsigned,5.75,,,
143871,水蓮 4K Opus Lv.27,tech,Unsigned,5.75,,,
144001,Black MInD 4K Groove Lv.27,stamina,Unsigned,5.75,,,
144051,23時54分、陽の旅路へのプレリュード 4K Cessant Lv.34,tech,Unsigned,7.93,,,
144108,23時54分、陽の旅路へのプレリュード 4K Expert Lv.31,speed,Unsigned,7.75,,,
144143,23時54分、陽の旅路へのプレリュード 4K Hard Lv.25,speed,Unsigned,4.75,,,
144247,Immaculate 4K Flawless Lv.28,tech,Unsigned,5.75,,,
144300,Galactic D-SavioR 4K MMTP99's Extra Lv.33,stamina,Unsigned,7.75,,,
144342,Innocent 4K EXHAUST Lv.21,stamina,Unsigned,3.25,,,
144630,Midnight Syndrome 4K Special Rough Lv.36,tech,Unsigned,9.04,,,
144647,Wolves Standing Towards Enemies 4K Insane Lv.30,stamina,Unsigned,6.37,,,
144694,Heart Of Witch 4K Hard Lv.23,tech,Unsigned,4.06,,,
145533,Akasha 4K ADVANCED Lv.25,stamina,Unsigned,4.75,,,
145534,Akasha 4K EXHAUST Lv.29,tech,Unsigned,5.8,,,
145535,Akasha 4K MAXIMUM Lv.34,stamina,Unsigned,7.93,,,
145548,Noushou Sakuretsu Girl 4K Original.ver Lv.30,speed,Unsigned,6.37,,,
145549,Noushou Sakuretsu Girl 4K Hard Lv.21,stamina,Unsigned,3.25,,,
145550,Noushou Sakuretsu Girl 4K Normal Lv.16,tech,Unsigned,1.57,,,
145552,Noushou Sakuretsu Girl 4K Insane Lv.27,stamina,Unsigned,5.75,,,
145715,Tiferet 4K Hyper Lv.23,stamina,Unsigned,4.06,,,
145960,Catalinesie 4K Delusion Lv.21,tech,Unsigned,3.25,,,
145962,Catalinesie 4K Hallucination Lv.28,tech,Unsigned,5.75,,,
145963,Catalinesie 4K Simulacrum Lv.25,tech,Unsigned,4.75,,,
145964,Catalinesie 4K Phantasmagory Lv.33,stamina,Unsigned,7.75,,,
146402,Serein [Marathon] 4K Silence Lv.34,tech,Unsigned,7.93,,,
146829,Giselle 4K Hard Lv.28,tech,Unsigned,5.75,,,
146830,Giselle 4K Medium Lv.18,tech,Unsigned,2.64,,,
146916,Innocent 4K Plz’s MAXIMUM Lv.32,jack,Unsigned,7.75,,,
146922,ルビーと遊ぶ 4K Nirvana Lv.31,stamina,Unsigned,7.75,,,
146924,疾風怒濤 4K Torrent Lv.27,speed,Unsigned,5.75,,,
146994,Innocent 4K Plz’s EXHAUST Lv.28,speed,Unsigned,5.75,,,
147051,Sapphire On Fire 4K Black Another Lv.29,stamina,Unsigned,5.8,,,
147301,Wing of Destiny 4K Normal Lv.17,tech,Unsigned,2.11,,,
147302,Wing of Destiny 4K Hard Lv.25,stamina,Unsigned,4.75,,,
147303,Wing of Destiny 4K Insane Lv.29,tech,Unsigned,5.8,,,
147304,Wing of Destiny 4K Expert Lv.35,stamina,Unsigned,8.79,,,
147442,POP IN 2 4K HD Lv.25,stamina,Unsigned,4.75,,,
147463,ルビーと遊ぶ 4K Another Lv.29,stamina,Unsigned,5.8,,,
147464,ルビーと遊ぶ 4K Hyper Lv.21,tech,Unsigned,3.25,,,
147467,L.F.O 4K N.M.L Lv.17,stamina,Unsigned,2.11,,,
147674,Crank Up 4K HARD Lv.24,stamina,Unsigned,4.75,,,
147788,其のエメラルドを見よ 4K Celestial Lv.28,stamina,Unsigned,5.75,,,
148213,其のエメラルドを見よ 4K Stare Lv.24,speed,Unsigned,4.75,,,
148519,RPG 4K Another Lv.32,stamina,Unsigned,7.75,,,
148577,Bluenation 4K Bluemap Lv.28,tech,Unsigned,5.75,,,
148639,RPG 4K Normal Lv.20,tech,Unsigned,3.25,,,
148795,Nhelv 4K Insane Lv.34,stamina,Unsigned,7.93,,,
148910,Aestivalis 4K Trance Lv.30,speed,Unsigned,6.37,,,
148999,DARLING LIGHTNING LOVE BEAM 4K Insane Lv.29,stamina,Unsigned,5.8,,,
149259,Widow's kiss 4K Aesthetics Lv.34,tech,Unsigned,7.93,,,
149437,Fin.ArcDeaR 4K Vesper Lv.19,tech,Unsigned,3.18,,,
149438,Fin.ArcDeaR 4K Twilight Lv.28,tech,Unsigned,5.75,,,
149439,Fin.ArcDeaR 4K Crepuscule Lv.34,stamina,Unsigned,7.93,,,
149458,ruin of opals 4K Aftermath Lv.33,tech,Unsigned,7.75,,,
149831,NeruNeru-Chan travels to the Luminous Stars! 4K Stars jingle all the way Lv.35,speed,Unsigned,8.79,,,
150028,Waking Shadows (feat. Eili) 4K Luminescence Lv.32,speed,Unsigned,7.75,,,
150173,Hoshi no Tooru Natsusora ni Negau 4K MAXIMUM Lv.34,tech,Unsigned,7.93,,,
150255,Hoshi no Tooru Natsusora ni Negau 4K EXHAUST Lv.27,speed,Unsigned,5.75,,,
150281,Awakening 4K Emergence Lv.29,stamina,Unsigned,5.8,,,
150543,LIFE Garden 4K Hard Lv.27,speed,Unsigned,5.75,,,
150566,F R A M E 0 9 4K OVERDRIVE Lv.31,tech,Unsigned,7.75,,,
150582,Giorgio 4K Hard Lv.27,jack,Unsigned,5.75,,,
150583,Giorgio 4K Medium Lv.16,speed,Unsigned,1.57,,,
150584,Giorgio 4K Easy Lv.8,tech,Unsigned,-0.97,,,
150599,Creigis 4K Hard Lv.28,speed,Unsigned,5.75,,,
150606,Creigis 4K Hyper Lv.22,stamina,Unsigned,3.41,,,
150615,Shiver 4K Another Lv.34,tech,Unsigned,7.93,,,
150620,Bloom 4K Bloom Lv.30,tech,Unsigned,6.37,,,
150637,Burst Λnd reBoost 4K EXHAUST Lv.32,speed,Unsigned,7.75,,,
150784,Creigis 4K Another Lv.33,speed,Unsigned,7.75,,,
150878,F R A M E 0 9 4K ACTIVE Lv.25,speed,Unsigned,4.75,,,
150907,Eternity 4K Hyper Lv.28,stamina,Unsigned,5.75,,,
150945,Phonologic 4K Hyperarticulation Lv.37,tech,Unsigned,10.25,,,
151072,Sapphire On Fire 4K Another Lv.24,stamina,Unsigned,4.75,,,
151104,Sapphire On Fire 4K Hyper Lv.20,tech,Unsigned,3.25,,,
151244,Traverse 4K oan Lv.32,tech,Unsigned,7.75,,,
151429,Viyella's Tears 4K Expert Lv.24,speed,Unsigned,4.75,,,
151430,Viyella's Tears 4K Master Lv.32,stamina,Unsigned,7.75,,,
151558,Retro Fusion 4K Insane Lv.29,tech,Unsigned,5.8,,,
151566,〇、 4K Transcendent Lv.33,speed,Unsigned,7.75,,,
151639,Blossom 4K Of Petals and Love Lv.33,tech,Unsigned,7.75,,,
151792,致姗姗来迟的你 4K I will always wait for you Lv.28,tech,Unsigned,5.75,,,
151970,躯樹の墓守 4K Advanced Lv.27,stamina,Unsigned,5.75,,,
152154,Finixe 4K Hard Lv.32,speed,Unsigned,7.75,,,
152155,Finixe 4K Hyper Lv.25,stamina,Unsigned,4.75,,,
152310,KOKUSHI MUSOU 4K EXPERT Lv.28,speed,Unsigned,5.75,,,
152337,Cynosure 4K Hard Lv.26,stamina,Unsigned,4.75,,,
152462,Bird Sprite -Awakening of Light- 4K Another Lv.27,stamina,Unsigned,5.75,,,
152463,Bird Sprite -Awakening of Light- 4K Hyper Lv.18,tech,Unsigned,2.64,,,
152509,Nhelv 4K Hard Lv.28,stamina,Unsigned,5.75,,,
152513,Nhelv 4K Normal Lv.19,stamina,Unsigned,3.18,,,
152565,Back! to the Future (Cut Ver.) 4K 2000's Lv.28,jack,Unsigned,5.75,,,
152728,Stick Trick ShowTime!! 4K Hoshimiya's Oni Lv.26,speed,Unsigned,4.75,,,
152764,Stick Trick ShowTime!! 4K Extreme Lv.28,stamina,Unsigned,5.75,,,
152768,Stick Trick ShowTime!! 4K Advanced Lv.21,stamina,Unsigned,3.25,,,
152848,Digibuprofen 4K Lv.35,tech,Unsigned,8.79,,,
153153,Kirin 4K Master Lv.26,tech,Unsigned,4.75,,,
153183,Alter Ego 4K HARD Lv.24,tech,Unsigned,4.75,,,
153316,Out of place 4K Daunting Lv.32,speed,Unsigned,7.75,,,
153561,Just The Two Of Us 4K HD Lv.21,tech,Unsigned,3.25,,,
153908,IMAWANOKIWA 4K Farewell Lv.30,stamina,Unsigned,6.37,,,
154258,超主人公 4K You're a Hero Lv.10,tech,Unsigned,-0.59,,,
154273,stresstest 4K Poweroff Lv.33,stamina,Unsigned,7.75,,,
154333,Opelia 4K Reverie Lv.30,tech,Unsigned,6.37,,,
154409,Artist 4K Artist Lv.28,stamina,Unsigned,5.75,,,
154415,Artist 4K Hyper Lv.18,tech,Unsigned,2.64,,,
154575,The Final Gates 4K The Fatalis Lv.31,speed,Unsigned,7.75,,,
155072,Jingle (Metal Arrange _ Cover) 4K Resonant Lv.34,stamina,Unsigned,7.93,,,
155112,Kool Awesome Croon 4K Insane Lv.28,stamina,Unsigned,5.75,,,
155144,The Final Gates 4K Last Mythal Lv.33,speed,Unsigned,7.75,,,
155154,Remnants of Turing 4K MASTER Lv.32,speed,Unsigned,7.75,,,
155197,Remnants of Turing 4K EXPERT Lv.26,tech,Unsigned,4.75,,,
155242,Remnants of Turing 4K ADVANCED Lv.19,tech,Unsigned,3.18,,,
155251,Unsan-musho 4K __ZEPHYROX__ Lv.35,tech,Unsigned,8.79,,,
155502,Ennor 4K Normal Lv.20,tech,Unsigned,3.25,,,
155516,Ennor 4K Hard Lv.27,stamina,Unsigned,5.75,,,
155523,Ennor 4K Insane Lv.32,stamina,Unsigned,7.75,,,
155559,"BIRTHDAY SPECIAL 4K OMG, today is birthday!_ Lv.37",speed,Unsigned,10.25,,,
155857,紫陽花 -AZISAI- 4K Spring View (Long Ver.) Lv.39,speed,Unsigned,11.25,,,
156074,Ash of Wreck 4K Disorder Lv.33,tech,Unsigned,7.75,,,
156255,"Windflower (euphorian, pixondle, Unsigned, and Hollimon Remix) 4K Delicate Lv.33",speed,Unsigned,7.75,,,
156273,White Stream 4K ADVANCED Lv.21,speed,Unsigned,3.25,,,
156312,Primordial Complex 4K Origination Lv.39,speed,Unsigned,11.25,,,
156669,"Evening (Bereave, Blood) 4K MAXIMUM Lv.38",tech,Unsigned,8.79,,,
156966,Godslain 4K godless Lv.34,tech,Unsigned,7.93,,,
157378,おべか 4K Normal Lv.18,stamina,Unsigned,2.64,,,
157498,Erasure_ A World Without You 4K Normal Lv.20,tech,Unsigned,3.25,,,
157507,Erasure_ A World Without You 4K Hard Lv.32,stamina,Unsigned,7.75,,,
157813,Yorugao 4K Val’s Hard Lv.23,speed,Unsigned,4.06,,,
157871,The Endless for Traveler 4K TwT Lv.30,speed,Unsigned,6.37,,,
157973,Tengoku 4K HELLVENLY Lv.33,stamina,Unsigned,7.75,,,
158058,Godzilla 4K Insane Lv.23,tech,Unsigned,4.06,,,
158190,Revolution 4K Normal Lv.22,stamina,Unsigned,3.41,,,
158207,Godzilla 4K Hard Lv.17,tech,Unsigned,2.11,,,
158349,Croque Monsieur À Disneyland 4K Bon appétit Lv.38,tech,Unsigned,10.43,,,
158536,Yume no Furu hi ni 4K Magical Lv.36,speed,Unsigned,9.04,,,
158660,Cult future 4K EXPERT Lv.27,stamina,Unsigned,5.75,,,
158661,Cult future 4K ADVANCED Lv.18,speed,Unsigned,2.64,,,
158681,Cult future 4K FDShijing's EXPERT Lv.29,stamina,Unsigned,5.8,,,
158736,Yume no Furu hi ni 4K Expert Lv.32,tech,Unsigned,7.75,,,
159489,地区 Shangri-LA 4K Another Lv.32,speed,Unsigned,7.75,,,
159587,Wayfarer 4K Solivagant Lv.36,tech,Unsigned,9.04,,,
159606,This Town 4K Jack Lv.27,stamina,Unsigned,5.75,,,
